source,target,weight,is_bridge
golivewire.com,flickr.com,20,False
golivewire.com,bbc.co.uk,2,False
golivewire.com,1.bp.blogspot.com,1,False
golivewire.com,digg.com,2,False
golivewire.com,microsoft.com,3,False
golivewire.com,gocollegeforums.com,122850,True
golivewire.com,myspace.com,636,False
golivewire.com,bloomberg.com,2,False
golivewire.com,cnn.com,4,False
golivewire.com,allafrica.com,1,False
golivewire.com,huffingtonpost.com,2,False
golivewire.com,guardian.co.uk,4,False
golivewire.com,imdb.com,8,False
golivewire.com,en.wikipedia.org,10,False
golivewire.com,facebook.com,214,False
golivewire.com,conservapedia.com,1,False
golivewire.com,boston.com,2,False
golivewire.com,youtube.com,973,False
golivewire.com,uncyclopedia.wikia.com,2,False
golivewire.com,amazon.com,2,False
golivewire.com,google.com,13,False
golivewire.com,washingtonpost.com,1,False
golivewire.com,newsblaze.com,1,False
golivewire.com,3.bp.blogspot.com,1,False
golivewire.com,news.bbc.co.uk,11,False
golivewire.com,online.wsj.com,1,False
golivewire.com,news.yahoo.com,7,False
golivewire.com,twitter.com,171,False
golivewire.com,nytimes.com,2,False
golivewire.com,telegraph.co.uk,2,False
golivewire.com,edition.cnn.com,2,False
golivewire.com,tinyurl.com,362,False
golivewire.com,reuters.com,2,False
mashget.com,marketwatch.com,55,False
mashget.com,twitter.com,63328,False
mashget.com,sports.espn.go.com,6,False
mashget.com,washingtonpost.com,131,False
mashget.com,huffingtonpost.com,408,False
mashget.com,news.bbc.co.uk,203,False
mashget.com,reuters.com,368,False
mashget.com,nytimes.com,2,False
mashget.com,telegraph.co.uk,72,False
mashget.com,news.yahoo.com,33,False
mashget.com,youtube.com,32024,False
mashget.com,guardian.co.uk,99,False
mashget.com,cnn.com,75,False
mashget.com,boston.com,18,False
mashget.com,bloomberg.com,227,False
mashget.com,online.wsj.com,217,False
mashget.com,edition.cnn.com,45,False
mashget.com,search.twitter.com,6688,False
twitter.com,tinyurl.com,7,False
twitter.com,digg.com,3,False
twitter.com,search.twitter.com,5,False
forums.hardwarezone.com,dailymail.co.uk,6,False
forums.hardwarezone.com,en.wikipedia.org,2,False
forums.hardwarezone.com,ad.doubleclick.net,60289,False
articlesbase.com,facebook.com,2,False
articlesbase.com,google.com,1,False
articlesbase.com,nytimes.com,2,False
articlesbase.com,amazon.com,6,False
articlesbase.com,3.bp.blogspot.com,2,False
articlesbase.com,youtube.com,3,False
articlesbase.com,tinyurl.com,23,False
articlesbase.com,squidoo.com,195,False
articlesbase.com,blogger.com,1,False
articlesbase.com,twitter.com,2,False
articlesbase.com,myspace.com,10,False
articlesbase.com,global-investment-institute.com,53469,True
articlesbase.com,addthis.com,7502,False
lostpedia.wikia.com,maps.google.com,3,False
lostpedia.wikia.com,digitalspy.co.uk,1,False
lostpedia.wikia.com,washingtonpost.com,1,False
lostpedia.wikia.com,myspace.com,2,False
lostpedia.wikia.com,youtube.com,62,False
lostpedia.wikia.com,en.wikipedia.org,1455,False
lostpedia.wikia.com,imdb.com,66,False
lostpedia.wikia.com,lostpedia.com,48636,True
lostpedia.wikia.com,amazon.com,2,False
lostpedia.wikia.com,nytimes.com,7,False
lostpedia.wikia.com,es.lostpedia.wikia.com,1,False
lostpedia.wikia.com,groups.google.com,1,False
uncyclopedia.wikia.com,creativecommons.org,5,False
uncyclopedia.wikia.com,groups.google.com,2,False
uncyclopedia.wikia.com,uncyclopedia.org,45413,False
uncyclopedia.wikia.com,myspace.com,3,False
uncyclopedia.wikia.com,networkworld.com,2,False
uncyclopedia.wikia.com,boston.com,4,False
uncyclopedia.wikia.com,adobe.com,1,False
uncyclopedia.wikia.com,youtube.com,65,False
uncyclopedia.wikia.com,imdb.com,6,False
uncyclopedia.wikia.com,conservapedia.com,5,False
uncyclopedia.wikia.com,facebook.com,3,False
uncyclopedia.wikia.com,tinyurl.com,19,False
uncyclopedia.wikia.com,bbc.co.uk,1,False
uncyclopedia.wikia.com,news.bbc.co.uk,2,False
uncyclopedia.wikia.com,en.wikipedia.org,721,False
welt.de,bild.de,220,False
welt.de,digg.com,30,False
welt.de,newsticker.welt.de,45256,False
welt.de,news.google.de,307,False
welt.de,spiegel.de,149,False
welt.de,stumbleupon.com,30,False
welt.de,facebook.com,30,False
welt.de,appl.welt.de,2034,False
welt.de,feedproxy.google.com,120,False
welt.de,myspace.com,30,False
welt.de,rss.cnn.com,150,False
welt.de,google.com,30,False
welt.de,suche.welt.de,6368,True
welt.de,del.icio.us,30,False
welt.de,nytimes.com,150,False
welt.de,news.bbc.co.uk,150,False
newsticker.welt.de,appl.welt.de,7548,False
scouty.de,cts.businesswire.com,43,False
scouty.de,huffingtonpost.com,1,False
scouty.de,guardian.co.uk,2,False
scouty.de,2.bp.blogspot.com,1,False
scouty.de,google.com,101,False
scouty.de,ad.doubleclick.net,27,False
scouty.de,bbc.co.uk,1,False
scouty.de,youtube.com,4,False
scouty.de,stern.de,15,False
scouty.de,search.twitter.com,1,False
scouty.de,kotaku.com,1,False
scouty.de,microsoft.com,4,False
scouty.de,bloomberg.com,3,False
scouty.de,del.icio.us,102,False
scouty.de,3.bp.blogspot.com,1,False
scouty.de,spiegel.de,5,False
scouty.de,adobe.com,1,False
scouty.de,news.cnet.com,5,False
scouty.de,news.bbc.co.uk,1,False
scouty.de,furl.net,101,False
scouty.de,reuters.com,3,False
scouty.de,newsticker.welt.de,35314,False
scouty.de,en.wikipedia.org,9,False
scouty.de,twitter.com,4,False
scouty.de,welt.de,14,False
scouty.de,digg.com,13,False
scouty.de,euroadhoc.com,137,False
scouty.de,focus.de,1,False
scouty.de,technorati.com,12,False
scouty.de,newsaktuell.de,137,False
scouty.de,nytimes.com,2,False
scouty.de,online.wsj.com,5,False
scouty.de,4.bp.blogspot.com,1,False
youtube.com,bbc.co.uk,1,False
youtube.com,google.com,1,False
youtube.com,myspace.com,1,False
seattle.craigslist.org,flickr.com,5,False
seattle.craigslist.org,en.wikipedia.org,1,False
seattle.craigslist.org,twitter.com,1,False
seattle.craigslist.org,miami.craigslist.org,1,False
seattle.craigslist.org,craigslist.org,25118,False
seattle.craigslist.org,amazon.com,15,False
seattle.craigslist.org,youtube.com,2,False
sfbay.craigslist.org,google.com,3,False
sfbay.craigslist.org,craigslist.org,23594,False
sfbay.craigslist.org,amazon.com,23,False
sfbay.craigslist.org,youtube.com,1,False
sfbay.craigslist.org,maps.google.com,6,False
sfbay.craigslist.org,myspace.com,2,False
sfbay.craigslist.org,flickr.com,21,False
sfbay.craigslist.org,en.wikipedia.org,2,False
chicago.craigslist.org,youtube.com,2,False
chicago.craigslist.org,craigslist.org,23258,False
chicago.craigslist.org,en.wikipedia.org,1,False
chicago.craigslist.org,amazon.com,6,False
chicago.craigslist.org,maps.google.com,3,False
chicago.craigslist.org,google.com,1,False
chicago.craigslist.org,imdb.com,1,False
chicago.craigslist.org,flickr.com,1,False
techchuck.com,online.wsj.com,3,False
techchuck.com,youtube.com,10934,False
techchuck.com,twitter.com,21696,False
techchuck.com,search.twitter.com,2276,False
losangeles.craigslist.org,en.wikipedia.org,1,False
losangeles.craigslist.org,amazon.com,11,False
losangeles.craigslist.org,flickr.com,2,False
losangeles.craigslist.org,craigslist.org,21040,False
losangeles.craigslist.org,youtube.com,8,False
newyork.craigslist.org,flickr.com,2,False
newyork.craigslist.org,myspace.com,1,False
newyork.craigslist.org,youtube.com,1,False
newyork.craigslist.org,nytimes.com,1,False
newyork.craigslist.org,craigslist.org,21036,False
newyork.craigslist.org,amazon.com,6,False
sandiego.craigslist.org,amazon.com,6,False
sandiego.craigslist.org,flickr.com,1,False
sandiego.craigslist.org,en.wikipedia.org,6,False
sandiego.craigslist.org,google.com,3,False
sandiego.craigslist.org,craigslist.org,20256,False
sandiego.craigslist.org,boston.com,1,False
sandiego.craigslist.org,myspace.com,10,False
sandiego.craigslist.org,washingtonpost.com,2,False
sandiego.craigslist.org,youtube.com,8,False
macobserver.com,en.wikipedia.org,51,False
macobserver.com,youtube.com,1,False
macobserver.com,amazon.com,1,False
macobserver.com,dealsontheweb.com,19388,True
macobserver.com,news.cnet.com,2,False
macobserver.com,cnn.com,1,False
boston.craigslist.org,myspace.com,1,False
boston.craigslist.org,youtube.com,6,False
boston.craigslist.org,maps.google.com,1,False
boston.craigslist.org,flickr.com,2,False
boston.craigslist.org,microsoft.com,3,False
boston.craigslist.org,amazon.com,9,False
boston.craigslist.org,imdb.com,1,False
boston.craigslist.org,craigslist.org,19346,False
boston.craigslist.org,google.com,2,False
miami.craigslist.org,en.wikipedia.org,1,False
miami.craigslist.org,amazon.com,5,False
miami.craigslist.org,craigslist.org,18827,False
miami.craigslist.org,youtube.com,7,False
soonews.ca,simplelogica.net,2752,False
soonews.ca,www2.medcomp.comp.nus.edu.sg,1734,False
soonews.ca,students.sessions.edu,17425,False
tsushima.2ch.net,anchorage.2ch.net,1,False
tsushima.2ch.net,takeshima.2ch.net,1,False
tsushima.2ch.net,2nn.jp,17232,False
neighbors.denverpost.com,en.wikipedia.org,9,False
neighbors.denverpost.com,google.com,885,False
neighbors.denverpost.com,youtube.com,844,False
neighbors.denverpost.com,doctorwascher.com,15252,True
plaza.rakuten.co.jp,d.hatena.ne.jp,1,False
plaza.rakuten.co.jp,amazon.co.jp,10,False
plaza.rakuten.co.jp,4.bp.blogspot.com,2,False
plaza.rakuten.co.jp,blog.livedoor.jp,19,False
plaza.rakuten.co.jp,news.nifty.com,2,False
plaza.rakuten.co.jp,flickr.com,3,False
plaza.rakuten.co.jp,blogmura.com,924,False
plaza.rakuten.co.jp,fashion.blogmura.com,2014,False
plaza.rakuten.co.jp,asahi.com,4,False
plaza.rakuten.co.jp,en.wikipedia.org,11,False
plaza.rakuten.co.jp,youtube.com,124,False
plaza.rakuten.co.jp,myspace.com,2,False
plaza.rakuten.co.jp,blog.with2.net,1256,False
plaza.rakuten.co.jp,tag.rakuten.co.jp,10063,True
plaza.rakuten.co.jp,image.blog.livedoor.jp,4,False
plaza.rakuten.co.jp,news.google.com,4,False
plaza.rakuten.co.jp,3.bp.blogspot.com,1,False
plaza.rakuten.co.jp,2.bp.blogspot.com,2,False
plaza.rakuten.co.jp,1.bp.blogspot.com,1,False
plaza.rakuten.co.jp,ameblo.jp,82,False
plaza.rakuten.co.jp,hb.afl.rakuten.co.jp,13356,False
komachi-rss.yomiuri.co.jp,komachi.yomiuri.co.jp,12504,True
g1.globo.com,twitter.com,12,False
g1.globo.com,dailymail.co.uk,2,False
g1.globo.com,google.com,2,False
g1.globo.com,myspace.com,8,False
g1.globo.com,youtube.com,4,False
g1.globo.com,globoesporte.globo.com,11,False
g1.globo.com,news.google.com.br,394,False
g1.globo.com,adobe.com,2,False
g1.globo.com,globo.com,12159,False
edita.jp,blog.livedoor.jp,406,False
edita.jp,blog.with2.net,60,False
edita.jp,hb.afl.rakuten.co.jp,43,False
edita.jp,match.seesaa.jp,2,True
edita.jp,ameblo.jp,12070,False
edita.jp,plaza.rakuten.co.jp,3,False
edita.jp,userdisk.webry.biglobe.ne.jp,1,True
edita.jp,youtube.com,11,False
edita.jp,twitter.com,9,False
edita.jp,amazon.co.jp,24,False
ameblo.jp,image.blog.livedoor.jp,9,False
ameblo.jp,tinyurl.com,18,False
ameblo.jp,microsoft.com,1,False
ameblo.jp,blogmura.com,1418,False
ameblo.jp,itmedia.co.jp,17,False
ameblo.jp,google.com,44,False
ameblo.jp,telegraph.co.uk,1,False
ameblo.jp,adobe.com,2,False
ameblo.jp,edita.jp,2,False
ameblo.jp,fashion.blogmura.com,395,False
ameblo.jp,b.hatena.ne.jp,51,False
ameblo.jp,en.wikipedia.org,8,False
ameblo.jp,anchorage.2ch.net,2,False
ameblo.jp,1.bp.blogspot.com,1,False
ameblo.jp,news.ameba.jp,110,False
ameblo.jp,technorati.com,32,False
ameblo.jp,myspace.com,24,False
ameblo.jp,kanshin.com,1,False
ameblo.jp,amazon.co.jp,1372,False
ameblo.jp,hb.afl.rakuten.co.jp,1707,False
ameblo.jp,plaza.rakuten.co.jp,57,False
ameblo.jp,twitter.com,1,False
ameblo.jp,d.hatena.ne.jp,24,False
ameblo.jp,4.bp.blogspot.com,1,False
ameblo.jp,imdb.com,2,False
ameblo.jp,flickr.com,42,False
ameblo.jp,youtube.com,161,False
ameblo.jp,blog.livedoor.jp,80,False
ameblo.jp,komachi.yomiuri.co.jp,2,False
ameblo.jp,news.nifty.com,2,False
ameblo.jp,2.bp.blogspot.com,1,False
ameblo.jp,digg.com,19,False
ameblo.jp,guardian.co.uk,1,False
ameblo.jp,blog.with2.net,4643,False
ameblo.jp,del.icio.us,27,False
ameblo.jp,asahi.com,19,False
forums.seroundtable.com,seroundtable.com,11229,True
seroundtable.com,twitter.com,1,False
seroundtable.com,google.com,8,False
seroundtable.com,groups.google.com,2,False
torrentportal.com,profiles.friendster.com,1,True
torrentportal.com,imdb.com,11,True
torrentportal.com,corruptlogic.com,10982,True
news.nifty.com,clink.nifty.com,10504,True
rss.rssad.jp,nytimes.com,2,False
rss.rssad.jp,amazon.co.jp,487,False
rss.rssad.jp,blog.wired.com,29,False
rss.rssad.jp,digg.com,1,False
rss.rssad.jp,myspace.com,5,False
rss.rssad.jp,treehugger.com,1,False
rss.rssad.jp,google.com,4,False
rss.rssad.jp,en.wikipedia.org,10,False
rss.rssad.jp,twitter.com,14,False
rss.rssad.jp,itmedia.co.jp,2438,False
rss.rssad.jp,microsoft.com,10,False
rss.rssad.jp,hb.afl.rakuten.co.jp,1,False
rss.rssad.jp,i.gizmodo.com,63,False
rss.rssad.jp,ameblo.jp,3,False
rss.rssad.jp,reuters.com,1,False
rss.rssad.jp,groups.google.com,1,False
rss.rssad.jp,washingtonpost.com,2,False
rss.rssad.jp,d.hatena.ne.jp,12,False
rss.rssad.jp,boston.com,1,False
rss.rssad.jp,blog.livedoor.jp,7,False
rss.rssad.jp,kanshin.com,10059,False
rss.rssad.jp,tinyurl.com,1,False
rss.rssad.jp,amazon.com,1,False
rss.rssad.jp,online.wsj.com,2,False
rss.rssad.jp,flickr.com,23,False
rss.rssad.jp,youtube.com,21,False
rss.rssad.jp,b.hatena.ne.jp,280,False
rss.rssad.jp,facebook.com,1,False
rss.rssad.jp,telegraph.co.uk,2,False
washingtondc.craigslist.org,flickr.com,2,False
washingtondc.craigslist.org,washingtonpost.com,3,False
washingtondc.craigslist.org,craigslist.org,9185,False
washingtondc.craigslist.org,maps.google.com,6,False
tucsoncitizen.com,addthis.com,2009,False
tucsoncitizen.com,myspace.com,1,False
tucsoncitizen.com,nytimes.com,2,False
tucsoncitizen.com,youtube.com,8,False
tucsoncitizen.com,cbssports.com,4,False
tucsoncitizen.com,tucson.com,8036,False
tucsoncitizen.com,topix.net,149,False
tucsoncitizen.com,tucson.metromix.com,5982,False
tucsoncitizen.com,amazon.com,4,False
tucsoncitizen.com,tinyurl.com,7,False
rss.marketing-etudiant.fr,marketing-etudiant.fr,7348,True
rss.marketing-etudiant.fr,search.twitter.com,6,False
rss.marketing-etudiant.fr,twitter.com,12,False
focus.de,mein.focus.de,2786,True
focus.de,twitter.com,4,False
focus.de,guardian.co.uk,1,False
focus.de,del.icio.us,612,False
focus.de,blog.focus.msn.de,7149,True
focus.de,news.google.de,4690,False
focus.de,google.com,612,False
focus.de,facebook.com,612,False
focus.de,bb.focus.de,2435,True
focus.de,ad.doubleclick.net,159,False
focus.de,adobe.com,15,False
focus.de,kurse.focus.de,5321,True
prolifeblogs.com,lifesitenews.com,2459,False
prolifeblogs.com,telegraph.co.uk,2,False
prolifeblogs.com,3.bp.blogspot.com,8,False
prolifeblogs.com,cnn.com,2,False
prolifeblogs.com,1.bp.blogspot.com,9,False
prolifeblogs.com,tinyurl.com,2,False
prolifeblogs.com,nytimes.com,4,False
prolifeblogs.com,valuesvoternews.com,2530,True
prolifeblogs.com,google.com,2,False
prolifeblogs.com,news.bbc.co.uk,2,False
prolifeblogs.com,feedproxy.google.com,7026,False
prolifeblogs.com,dfwcatholic.org,2282,False
prolifeblogs.com,youtube.com,4,False
prolifeblogs.com,2.bp.blogspot.com,4,False
prolifeblogs.com,amazon.com,1,False
prolifeblogs.com,flickr.com,5,False
prolifeblogs.com,4.bp.blogspot.com,4,False
prolifeblogs.com,en.wikipedia.org,6,False
prolifeblogs.com,washingtonpost.com,3,False
prolifeblogs.com,news.yahoo.com,2,False
prolifeblogs.com,online.wsj.com,2,False
prolifeblogs.com,lifenews.com,3584,False
prolifeblogs.com,search.twitter.com,1,False
prolifeblogs.com,covenantnews.com,2639,True
prolifeblogs.com,blogger.com,2,False
feedproxy.google.com,huffingtonpost.com,1,False
feedproxy.google.com,digg.com,5,False
feedproxy.google.com,news.originalsignal.com,1,False
feedproxy.google.com,adobe.com,3,False
feedproxy.google.com,1.bp.blogspot.com,7,False
feedproxy.google.com,microsoft.com,1,False
feedproxy.google.com,networkworld.com,1,False
feedproxy.google.com,farm4.static.flickr.com,2,False
feedproxy.google.com,reddit.com,4,False
feedproxy.google.com,es.wikipedia.org,2,False
feedproxy.google.com,4.bp.blogspot.com,7,False
feedproxy.google.com,myweb2.search.yahoo.com,4,False
feedproxy.google.com,twitter.com,16,False
feedproxy.google.com,blogger.com,103,False
feedproxy.google.com,flickr.com,23,False
feedproxy.google.com,g1.globo.com,1,False
feedproxy.google.com,del.icio.us,4,False
feedproxy.google.com,guardian.co.uk,2,False
feedproxy.google.com,youtube.com,6,False
feedproxy.google.com,en.wikipedia.org,16,False
feedproxy.google.com,google.com,5,False
feedproxy.google.com,facebook.com,2,False
feedproxy.google.com,2.bp.blogspot.com,15,False
feedproxy.google.com,haloscan.com,7,False
feedproxy.google.com,creativecommons.org,3,False
feedproxy.google.com,news.yahoo.com,1,False
feedproxy.google.com,stumbleupon.com,5,False
feedproxy.google.com,nytimes.com,5,False
feedproxy.google.com,squidoo.com,1,False
feedproxy.google.com,addthis.com,3,False
feedproxy.google.com,feeds.feedburner.com,3,False
feedproxy.google.com,blogalaxia.com,3,False
feedproxy.google.com,blick.ch,2,False
feedproxy.google.com,myspace.com,2,False
feedproxy.google.com,online.wsj.com,1,False
feedproxy.google.com,technorati.com,33,False
feedproxy.google.com,bloggar.se,54,True
feedproxy.google.com,amazon.com,33,False
feedproxy.google.com,3.bp.blogspot.com,15,False
olhares.aeiou.pt,olhares.com,6901,True
pr-inside.com,washingtonpost.com,4,False
pr-inside.com,adobe.com,2,False
pr-inside.com,digg.com,318,False
pr-inside.com,facebook.com,3,False
pr-inside.com,marketwire.com,21,False
pr-inside.com,flickr.com,2,False
pr-inside.com,nytimes.com,5,False
pr-inside.com,youtube.com,38,False
pr-inside.com,en.wikipedia.org,2,False
pr-inside.com,tinyurl.com,30,False
pr-inside.com,feeds.feedburner.com,4,False
pr-inside.com,bloomberg.com,1,False
pr-inside.com,www2.marketwire.com,621,False
pr-inside.com,reuters.com,2,False
pr-inside.com,topix.net,3,False
pr-inside.com,twitter.com,18,False
pr-inside.com,google.com,2,False
pr-inside.com,cts.businesswire.com,6703,False
pr-inside.com,news.google.com,67,False
pr-inside.com,asahi.com,1,False
pr-inside.com,del.icio.us,316,False
pr-inside.com,guardian.co.uk,1,False
pr-inside.com,myspace.com,5,False
pr-inside.com,huffingtonpost.com,4,False
pr-inside.com,news.google.de,3,False
pr-inside.com,marketwatch.com,2,False
pr-inside.com,search.twitter.com,1,False
cnn.com,topics.cnn.com,6292,False
cnn.com,topix.net,5,False
cnn.com,youtube.com,1,False
cnn.com,nytimes.com,1,False
cnn.com,microsoft.com,3,False
cnn.com,edition.cnn.com,455,False
cnn.com,news.cnet.com,8,False
cnn.com,news.google.com,215,False
cnn.com,telegraph.co.uk,1,False
cnn.com,amazon.com,6,False
cnn.com,craigslist.org,6,False
cnn.com,google.com,15,False
topics.cnn.com,amazon.com,1,False
topics.cnn.com,cnn.com,18,False
topics.cnn.com,edition.cnn.com,26,False
topics.cnn.com,news.cnet.com,3,False
topics.cnn.com,craigslist.org,2,False
blog.livedoor.jp,tinyurl.com,1,False
blog.livedoor.jp,asahi.com,8,False
blog.livedoor.jp,amazon.co.jp,549,False
blog.livedoor.jp,b.hatena.ne.jp,10,False
blog.livedoor.jp,anchorage.2ch.net,3,False
blog.livedoor.jp,rapidshare.com,1,False
blog.livedoor.jp,blogmura.com,221,False
blog.livedoor.jp,flickr.com,3,False
blog.livedoor.jp,blog.livedoor.com,6266,False
blog.livedoor.jp,maps.google.com,1,False
blog.livedoor.jp,plaza.rakuten.co.jp,6,False
blog.livedoor.jp,myspace.com,2,False
blog.livedoor.jp,komachi.yomiuri.co.jp,36,False
blog.livedoor.jp,tsushima.2ch.net,7,False
blog.livedoor.jp,ameblo.jp,29,False
blog.livedoor.jp,hb.afl.rakuten.co.jp,244,False
blog.livedoor.jp,d.hatena.ne.jp,4,False
blog.livedoor.jp,takeshima.2ch.net,1,False
blog.livedoor.jp,microsoft.com,4,False
blog.livedoor.jp,youtube.com,41,False
blog.livedoor.jp,blog.with2.net,863,False
blog.livedoor.jp,en.wikipedia.org,2,False
blog.livedoor.jp,fashion.blogmura.com,66,False
blog.livedoor.jp,news.bbc.co.uk,1,False
blog.livedoor.jp,itmedia.co.jp,4,False
blog.livedoor.jp,adobe.com,1,False
blog.livedoor.jp,image.blog.livedoor.jp,4094,False
blog.livedoor.com,blog.livedoor.jp,853,False
digifree.blogspot.com,blogger.com,93,False
digifree.blogspot.com,technorati.com,5956,False
digifree.blogspot.com,feedproxy.google.com,374,False
slideshare.net,youtube.com,1,False
slideshare.net,slideshare.com,5832,True
slideshare.net,groups.google.com,1,False
slideshare.net,blog.igooi.com,4,False
slideshare.net,tinyurl.com,1,False
slideshare.net,en.wikipedia.org,1,False
feeds.digg.com,flickr.com,3,False
feeds.digg.com,digg.com,3,False
feeds.digg.com,news.originalsignal.com,1373,False
feeds.digg.com,digg.originalsignal.com,5416,True
feeds.digg.com,youtube.com,2,False
feeds.digg.com,imdb.com,2,False
feeds.digg.com,en.wikipedia.org,7,False
wordle.net,java.com,5402,True
earthtimes.org,prnewswire.com,8,False
earthtimes.org,amazon.com,3,False
earthtimes.org,nytimes.com,4,False
earthtimes.org,topix.net,10,False
earthtimes.org,flickr.com,2,False
earthtimes.org,cts.businesswire.com,4793,False
earthtimes.org,news.google.com,105,False
earthtimes.org,www2.marketwire.com,260,False
earthtimes.org,myspace.com,1,False
earthtimes.org,bloomberg.com,1,False
earthtimes.org,youtube.com,15,False
earthtimes.org,marketwatch.com,1,False
earthtimes.org,feeds.feedburner.com,3,False
earthtimes.org,microsoft.com,3,False
earthtimes.org,twitter.com,4601,False
earthtimes.org,search.twitter.com,1,False
earthtimes.org,maps.google.com,1,False
earthtimes.org,en.wikipedia.org,6,False
earthtimes.org,tinyurl.com,5,False
earthtimes.org,marketwire.com,5,False
answers.polldaddy.com,gravatar.com,4552,True
anchorage.2ch.net,2nn.jp,4485,False
footyheads.com.au,utm.utoronto.ca,4455,True
forums.slickdeals.net,farm4.static.flickr.com,6,False
forums.slickdeals.net,1.bp.blogspot.com,1,False
forums.slickdeals.net,2.bp.blogspot.com,1,False
forums.slickdeals.net,facebook.com,1,False
forums.slickdeals.net,slickdeals.net,4378,False
forums.slickdeals.net,4.bp.blogspot.com,1,False
slickdeals.net,forums.slickdeals.net,136,False
blog.ponoko.com,students.sessions.edu,2792,False
blog.ponoko.com,www2.medcomp.comp.nus.edu.sg,4335,False
blog.ponoko.com,en.wikipedia.org,4,True
blog.ponoko.com,simplelogica.net,688,False
blogs.myspace.com,en.wikipedia.org,7,False
blogs.myspace.com,amazon.com,81,False
blogs.myspace.com,myspace.com,263,False
blogs.myspace.com,addthis.com,2,False
blogs.myspace.com,imdb.com,3,False
blogs.myspace.com,msplinks.com,4195,False
rss.feedsportal.com,digg.com,53,False
rss.feedsportal.com,i.gizmodo.com,2,False
rss.feedsportal.com,news.cnet.com,8,False
rss.feedsportal.com,nytimes.com,15,False
rss.feedsportal.com,bild.de,4068,False
rss.feedsportal.com,ameinfo.com,2849,False
rss.feedsportal.com,kotaku.com,1,False
rss.feedsportal.com,focus.de,1,False
rss.feedsportal.com,google.com,71,False
rss.feedsportal.com,amazon.com,1,False
rss.feedsportal.com,edition.cnn.com,14,False
rss.feedsportal.com,news.yahoo.com,6,False
rss.feedsportal.com,facebook.com,49,False
rss.feedsportal.com,bloomberg.com,2,False
rss.feedsportal.com,myspace.com,22,False
rss.feedsportal.com,en.wikipedia.org,78,False
rss.feedsportal.com,flickr.com,2,False
rss.feedsportal.com,microsoft.com,29,False
rss.feedsportal.com,telegraph.co.uk,9,False
rss.feedsportal.com,guardian.co.uk,16,False
rss.feedsportal.com,reddit.com,1,False
rss.feedsportal.com,networkworld.com,1,False
rss.feedsportal.com,cnn.com,4,False
rss.feedsportal.com,blog.wired.com,3,False
rss.feedsportal.com,cts.businesswire.com,1,False
rss.feedsportal.com,technorati.com,48,False
rss.feedsportal.com,online.wsj.com,9,False
rss.feedsportal.com,twitter.com,30,False
rss.feedsportal.com,del.icio.us,49,False
rss.feedsportal.com,huffingtonpost.com,3,False
rss.feedsportal.com,dailymail.co.uk,13,False
rss.feedsportal.com,digitalspy.co.uk,1,False
rss.feedsportal.com,search.twitter.com,7,False
rss.feedsportal.com,news.bbc.co.uk,38,False
rss.feedsportal.com,bbc.co.uk,1,False
rss.feedsportal.com,reuters.com,21,False
rss.feedsportal.com,maerkischeallgemeine.de,3253,False
rss.feedsportal.com,spiegel.de,6,False
rss.feedsportal.com,adobe.com,13,False
rss.feedsportal.com,youtube.com,30,False
bild.de,news.google.de,3211,False
bild.de,youtube.com,2,False
sulit.com.ph,tellafriend.socialtwist.com,4004,False
sulit.com.ph,addthis.com,4004,False
bloomberg.com,search.twitter.com,2,False
bloomberg.com,google.com,15,False
bloomberg.com,amazon.com,1,False
bloomberg.com,search.bloomberg.com,3819,False
bloomberg.com,facebook.com,1,False
bloomberg.com,maps.google.com,4,False
bloomberg.com,washingtonpost.com,1,False
bloomberg.com,news.google.com,184,False
bloomberg.com,en.wikipedia.org,3,False
bloomberg.com,imdb.com,2,False
bloomberg.com,dailymail.co.uk,1,False
bloomberg.com,asahi.com,1,False
bloomberg.com,online.wsj.com,1,False
bloomberg.com,sports.espn.go.com,2,False
bloomberg.com,nytimes.com,1,False
bloomberg.com,topix.net,177,False
rss.inside-handy.de,inside-handy.de,3053,True
us.rd.yahoo.com,tucson.com,5,False
us.rd.yahoo.com,imdb.com,1,False
us.rd.yahoo.com,washingtonpost.com,3,False
us.rd.yahoo.com,networkworld.com,29,False
us.rd.yahoo.com,earthtimes.org,9,False
us.rd.yahoo.com,nytimes.com,12,False
us.rd.yahoo.com,reuters.com,4,False
us.rd.yahoo.com,gawker.com,1,False
us.rd.yahoo.com,reddit.com,6,False
us.rd.yahoo.com,guardian.co.uk,24,False
us.rd.yahoo.com,dailymail.co.uk,3,False
us.rd.yahoo.com,azstarnet.com,5,False
us.rd.yahoo.com,bloomberg.com,4,False
us.rd.yahoo.com,facebook.com,6,False
us.rd.yahoo.com,www2.marketwire.com,1,False
us.rd.yahoo.com,chicagoist.com,3,False
us.rd.yahoo.com,addthis.com,15,False
us.rd.yahoo.com,marketwatch.com,9,False
us.rd.yahoo.com,ad.doubleclick.net,23,False
us.rd.yahoo.com,en.wikipedia.org,18,False
us.rd.yahoo.com,amazon.com,6,False
us.rd.yahoo.com,tucson.metromix.com,4,False
us.rd.yahoo.com,del.icio.us,7,False
us.rd.yahoo.com,tucsoncitizen.com,31,False
us.rd.yahoo.com,laist.com,6,False
us.rd.yahoo.com,seekingalpha.com,88,False
us.rd.yahoo.com,myspace.com,3,False
us.rd.yahoo.com,cnn.com,3,False
us.rd.yahoo.com,allafrica.com,6,False
us.rd.yahoo.com,cbssports.com,1,False
us.rd.yahoo.com,indeed.com,3,False
us.rd.yahoo.com,news.yahoo.com,1948,False
us.rd.yahoo.com,flickr.com,3,False
us.rd.yahoo.com,cts.businesswire.com,43,False
us.rd.yahoo.com,hindustantimes.com,13,False
us.rd.yahoo.com,youtube.com,13,False
us.rd.yahoo.com,online.wsj.com,30,False
us.rd.yahoo.com,microsoft.com,3,False
us.rd.yahoo.com,rss.cnn.com,2,False
us.rd.yahoo.com,blog.wired.com,7,False
us.rd.yahoo.com,physorg.com,5,False
us.rd.yahoo.com,telegraph.co.uk,4,False
us.rd.yahoo.com,sports.espn.go.com,17,False
us.rd.yahoo.com,creativecommons.org,2,False
us.rd.yahoo.com,tinyurl.com,1,False
us.rd.yahoo.com,i.gizmodo.com,2,False
us.rd.yahoo.com,google.com,3,False
us.rd.yahoo.com,search.bloomberg.com,117,False
us.rd.yahoo.com,seroundtable.com,1,False
us.rd.yahoo.com,ameinfo.com,28,False
us.rd.yahoo.com,news.bbc.co.uk,4,False
us.rd.yahoo.com,stumbleupon.com,5,False
us.rd.yahoo.com,adobe.com,2,False
us.rd.yahoo.com,huffingtonpost.com,1,False
us.rd.yahoo.com,boston.com,6,False
us.rd.yahoo.com,twitter.com,50,False
us.rd.yahoo.com,kotaku.com,1,False
us.rd.yahoo.com,topics.cnn.com,8,False
us.rd.yahoo.com,sports.yahoo.com,3052,False
us.rd.yahoo.com,news.cnet.com,2,False
us.rd.yahoo.com,digg.com,34,False
sports.yahoo.com,youtube.com,1,False
globoesporte.globo.com,globo.com,3041,False
globoesporte.globo.com,news.google.com.br,91,False
globoesporte.globo.com,g1.globo.com,1,False
globoesporte.globo.com,globoesporte.com,2542,True
heraldnet.com,google.com,1,False
heraldnet.com,snohomishcountybusinessjournal.com,3035,True
sitepoint.com,worldpay.com,2981,True
sitepoint.com,digg.com,104,False
friendstertalk.com,profiles.friendster.com,2928,True
info.abril.uol.com.br,flickr.com,1,False
info.abril.uol.com.br,imdb.com,1,False
info.abril.uol.com.br,myspace.com,1,False
info.abril.uol.com.br,nytimes.com,2,False
info.abril.uol.com.br,tecnologia.uol.com.br,2879,False
info.abril.uol.com.br,google.com,1,False
tecnologia.uol.com.br,www1.folha.uol.com.br,1,False
tecnologia.uol.com.br,info.abril.uol.com.br,1,False
oglobo.globo.com,news.google.com.br,2823,False
oglobo.globo.com,bbc.co.uk,37,False
oglobo.globo.com,microsoft.com,1,False
guardian.co.uk,myspace.com,1,False
guardian.co.uk,sports.espn.go.com,2,False
guardian.co.uk,reuters.com,4,False
guardian.co.uk,maps.google.com,2,False
guardian.co.uk,facebook.com,1,False
guardian.co.uk,flickr.com,4,False
guardian.co.uk,dailymail.co.uk,6,False
guardian.co.uk,en.wikipedia.org,127,False
guardian.co.uk,spiegel.de,1,False
guardian.co.uk,indeed.com,2801,False
guardian.co.uk,cnn.com,2,False
guardian.co.uk,amazon.com,2,False
guardian.co.uk,news.yahoo.com,4,False
guardian.co.uk,bloomberg.com,1,False
guardian.co.uk,news.bbc.co.uk,67,False
guardian.co.uk,boston.com,2,False
guardian.co.uk,google.com,4,False
guardian.co.uk,bild.de,3,False
guardian.co.uk,oglobo.globo.com,2,False
guardian.co.uk,imdb.com,23,False
guardian.co.uk,online.wsj.com,5,False
guardian.co.uk,telegraph.co.uk,16,False
guardian.co.uk,huffingtonpost.com,4,False
guardian.co.uk,youtube.com,117,False
guardian.co.uk,nytimes.com,22,False
guardian.co.uk,news.cnet.com,2,False
guardian.co.uk,twitter.com,16,False
guardian.co.uk,washingtonpost.com,4,False
guardian.co.uk,sports.yahoo.com,2,False
guardian.co.uk,bbc.co.uk,20,False
guardian.co.uk,tinyurl.com,2,False
guardian.co.uk,news.google.com,12,False
indeed.com,addthis.com,1,False
groups.google.com,news.bbc.co.uk,1,False
groups.google.com,google.com,1,False
groups.google.com,groups-beta.google.com,2792,True
groups.google.com,maps.google.com,49,False
yenisafak.com.tr,yenisafak.com,2789,True
ratemydrawings.com,adobe.com,2779,True
marvel.wikia.com,en.wikipedia.org,1,True
marvel.wikia.com,marveldatabase.com,2721,True
subterraneanpress.com,www2.medcomp.comp.nus.edu.sg,2601,True
cobranchi.com,www2.medcomp.comp.nus.edu.sg,2598,False
cobranchi.com,students.sessions.edu,1394,False
cobranchi.com,simplelogica.net,1374,False
photocase.com,photocase.de,2572,True
edition.cnn.com,microsoft.com,1,False
edition.cnn.com,google.com,11,False
edition.cnn.com,news.cnet.com,3,False
edition.cnn.com,craigslist.org,1,False
edition.cnn.com,news.google.com,216,False
edition.cnn.com,cnn.com,23,False
edition.cnn.com,topics.edition.cnn.com,2527,False
edition.cnn.com,amazon.com,1,False
topics.edition.cnn.com,cnn.com,10,False
topics.edition.cnn.com,amazon.com,1,False
topics.edition.cnn.com,news.cnet.com,1,False
topics.edition.cnn.com,edition.cnn.com,31,False
forums.afterdawn.com,youtube.com,4,False
forums.afterdawn.com,google.com,1,False
forums.afterdawn.com,amazon.com,1,False
forums.afterdawn.com,rapidshare.com,1,False
forums.afterdawn.com,telegraph.co.uk,1,False
forums.afterdawn.com,en.wikipedia.org,1,False
forums.afterdawn.com,afterdawn.com,2442,False
forums.afterdawn.com,squidoo.com,1,False
afterdawn.com,forums.afterdawn.com,1,False
mygraduationspace.com,news.google.com,2441,True
itmedia.co.jp,blog.livedoor.jp,1,False
itmedia.co.jp,amazon.co.jp,1,False
itmedia.co.jp,b.hatena.ne.jp,5,False
itmedia.co.jp,asahi.com,1,False
itmedia.co.jp,youtube.com,2,False
furry.wikia.com,twitter.com,16,False
furry.wikia.com,maps.google.com,1,False
furry.wikia.com,telegraph.co.uk,2,False
furry.wikia.com,creativecommons.org,5,False
furry.wikia.com,google.com,1,False
furry.wikia.com,groups.google.com,3,False
furry.wikia.com,myspace.com,20,False
furry.wikia.com,guardian.co.uk,1,False
furry.wikia.com,flickr.com,81,False
furry.wikia.com,en.wikipedia.org,2346,False
furry.wikia.com,plaza.rakuten.co.jp,2,False
furry.wikia.com,facebook.com,3,False
furry.wikia.com,youtube.com,320,False
furry.wikia.com,tinyurl.com,2,False
es.lostpedia.wikia.com,google.com,1,False
es.lostpedia.wikia.com,imdb.com,1,False
es.lostpedia.wikia.com,es.wikipedia.org,6,False
es.lostpedia.wikia.com,es.lostpedia.com,2323,True
es.lostpedia.wikia.com,youtube.com,2,False
es.lostpedia.wikia.com,en.wikipedia.org,1,False
dfwcatholic.org,topix.net,1,False
blick.ch,myspace.com,1,False
blick.ch,youtube.com,16,False
blick.ch,is.blick.ch,2278,True
hometowndigest.com,rss.cnn.com,2230,True
rss.cnn.com,cnn.com,18,False
rss.cnn.com,news.cnet.com,2,False
rss.cnn.com,amazon.com,1,False
rss.cnn.com,topics.cnn.com,1088,False
rss.cnn.com,news.originalsignal.com,1229,False
rss.cnn.com,craigslist.org,1,False
rss.cnn.com,edition.cnn.com,36,False
fr.allafrica.com,allafrica.com,2214,False
allafrica.com,topix.net,2,False
allafrica.com,fr.allafrica.com,3,False
allafrica.com,tinyurl.com,1,False
allafrica.com,news.google.com,5,False
takeshima.2ch.net,2nn.jp,2120,False
escapegames24.com,3.bp.blogspot.com,3,False
escapegames24.com,1.bp.blogspot.com,5,False
escapegames24.com,4.bp.blogspot.com,7,False
escapegames24.com,2.bp.blogspot.com,11,False
escapegames24.com,blogger.com,2111,False
quote.bloomberg.com,search.twitter.com,3,False
quote.bloomberg.com,washingtonpost.com,1,False
quote.bloomberg.com,imdb.com,1,False
quote.bloomberg.com,dailymail.co.uk,1,False
quote.bloomberg.com,en.wikipedia.org,3,False
quote.bloomberg.com,sports.espn.go.com,1,False
quote.bloomberg.com,online.wsj.com,1,False
quote.bloomberg.com,nytimes.com,2,False
quote.bloomberg.com,maps.google.com,1,False
quote.bloomberg.com,google.com,1,False
quote.bloomberg.com,search.bloomberg.com,2088,False
etoileblog.com,youtube.com,3,False
etoileblog.com,etoile-blog.com,2065,False
etoile-blog.com,etoileblog.com,12,False
etoile-blog.com,youtube.com,3,False
hindustantimes.com,youtube.com,19,False
hindustantimes.com,topix.net,30,False
hindustantimes.com,addthis.com,1996,False
hindustantimes.com,news.google.com,3,False
mahalo.com,news.cnet.com,9,False
mahalo.com,nytimes.com,148,False
mahalo.com,cbssports.com,6,False
mahalo.com,edition.cnn.com,13,False
mahalo.com,townhall.com,1,False
mahalo.com,3.bp.blogspot.com,1,False
mahalo.com,craigslist.org,4,False
mahalo.com,facebook.com,4,False
mahalo.com,adobe.com,1,False
mahalo.com,i.gizmodo.com,2,False
mahalo.com,imdb.com,437,False
mahalo.com,azstarnet.com,1,False
mahalo.com,sfbay.craigslist.org,5,False
mahalo.com,emediawire.com,1,False
mahalo.com,creativecommons.org,137,False
mahalo.com,tinyurl.com,13,False
mahalo.com,marketwire.com,1,False
mahalo.com,bloomberg.com,20,False
mahalo.com,gawker.com,4,False
mahalo.com,indeed.com,2,False
mahalo.com,groups.google.com,2,False
mahalo.com,techdirt.com,1,False
mahalo.com,chicagoist.com,1,False
mahalo.com,gothamist.com,10,False
mahalo.com,search.twitter.com,1,False
mahalo.com,telegraph.co.uk,29,False
mahalo.com,squidoo.com,2,False
mahalo.com,spiegel.de,4,False
mahalo.com,reuters.com,37,False
mahalo.com,news.yahoo.com,1,False
mahalo.com,2.bp.blogspot.com,4,False
mahalo.com,heraldnet.com,1,False
mahalo.com,digitalspy.co.uk,3,False
mahalo.com,4.bp.blogspot.com,1,False
mahalo.com,informationweek.com,5,False
mahalo.com,flickr.com,454,False
mahalo.com,blog.wired.com,14,False
mahalo.com,washingtonpost.com,65,False
mahalo.com,articlesbase.com,1,False
mahalo.com,dailymail.co.uk,25,False
mahalo.com,physorg.com,1,False
mahalo.com,sports.espn.go.com,212,False
mahalo.com,networkworld.com,2,False
mahalo.com,boston.com,36,False
mahalo.com,myspace.com,19,False
mahalo.com,marketwatch.com,7,False
mahalo.com,youtube.com,1766,False
mahalo.com,treehugger.com,5,False
mahalo.com,sports.yahoo.com,35,False
mahalo.com,farm4.static.flickr.com,8,False
mahalo.com,kotaku.com,21,False
mahalo.com,prnewswire.com,4,False
mahalo.com,digg.com,36,False
mahalo.com,del.icio.us,33,False
mahalo.com,maps.google.com,1714,False
mahalo.com,huffingtonpost.com,18,False
mahalo.com,twitter.com,11,False
mahalo.com,news.bbc.co.uk,151,False
mahalo.com,guardian.co.uk,56,False
mahalo.com,online.wsj.com,29,False
mahalo.com,uncyclopedia.org,1,False
mahalo.com,technorati.com,73,False
mahalo.com,seekingalpha.com,7,False
mahalo.com,amazon.com,854,False
mahalo.com,news.google.com,461,False
mahalo.com,en.wikipedia.org,1992,False
mahalo.com,bbc.co.uk,177,False
mahalo.com,microsoft.com,3,False
mahalo.com,tucsoncitizen.com,1,False
mahalo.com,google.com,393,False
mahalo.com,topix.net,95,False
mahalo.com,boston.craigslist.org,1,False
mahalo.com,lifenews.com,1,False
mahalo.com,cnn.com,90,False
mahalo.com,earthtimes.org,1,False
mahalo.com,laist.com,2,False
mahalo.com,wikiality.com,2,False
news.yahoo.com,us.rd.yahoo.com,705,False
news.yahoo.com,news.google.com,1,False
nothingandall.blogspot.com,2.bp.blogspot.com,1,False
nothingandall.blogspot.com,en.wikipedia.org,1941,False
nothingandall.blogspot.com,addthis.com,22,False
nothingandall.blogspot.com,blogger.com,44,False
nothingandall.blogspot.com,es.wikipedia.org,21,False
nothingandall.blogspot.com,4.bp.blogspot.com,3,False
nothingandall.blogspot.com,haloscan.com,44,False
nothingandall.blogspot.com,imdb.com,15,False
nothingandall.blogspot.com,news.bbc.co.uk,1,False
nothingandall.blogspot.com,1.bp.blogspot.com,5,False
sportsnipe.com,washingtonpost.com,42,False
sportsnipe.com,azstarnet.com,39,False
sportsnipe.com,boston.com,156,False
sportsnipe.com,guardian.co.uk,192,False
sportsnipe.com,google.com,240,False
sportsnipe.com,online.wsj.com,12,False
sportsnipe.com,news.google.com,66,False
sportsnipe.com,earthtimes.org,3,False
sportsnipe.com,us.rd.yahoo.com,1167,False
sportsnipe.com,marketwire.com,3,False
sportsnipe.com,cbssports.com,12,False
sportsnipe.com,feedproxy.google.com,1920,False
sportsnipe.com,huffingtonpost.com,6,False
sportsnipe.com,news.bbc.co.uk,321,False
sportsnipe.com,prnewswire.com,6,False
sportsnipe.com,nytimes.com,375,False
sportsnipe.com,topix.net,243,False
sportsnipe.com,cnn.com,3,False
sportsnipe.com,news.cnet.com,3,False
sportsnipe.com,tucsoncitizen.com,6,False
sportsnipe.com,onlyfans.cstv.com,123,True
sportsnipe.com,bloomberg.com,9,False
sportsnipe.com,feeds.gawker.com,96,False
sportsnipe.com,bbc.co.uk,6,False
sportsnipe.com,sports.espn.go.com,867,False
sportsnipe.com,reuters.com,27,False
sportsnipe.com,rss.cnn.com,84,False
sportsnipe.com,blog.wired.com,3,False
sportsnipe.com,sports.yahoo.com,3,False
feeds.gothamistllc.com,treehugger.com,1,False
feeds.gothamistllc.com,tinyurl.com,2,False
feeds.gothamistllc.com,creativecommons.org,2,False
feeds.gothamistllc.com,feeds2.feedburner.com,1,False
feeds.gothamistllc.com,en.wikipedia.org,63,False
feeds.gothamistllc.com,bloomberg.com,8,False
feeds.gothamistllc.com,cnn.com,5,False
feeds.gothamistllc.com,laist.com,1636,False
feeds.gothamistllc.com,guardian.co.uk,27,False
feeds.gothamistllc.com,news.bbc.co.uk,35,False
feeds.gothamistllc.com,facebook.com,607,False
feeds.gothamistllc.com,del.icio.us,599,False
feeds.gothamistllc.com,msplinks.com,5,False
feeds.gothamistllc.com,online.wsj.com,12,False
feeds.gothamistllc.com,stumbleupon.com,599,False
feeds.gothamistllc.com,news.yahoo.com,1,False
feeds.gothamistllc.com,nytimes.com,63,False
feeds.gothamistllc.com,sports.yahoo.com,8,False
feeds.gothamistllc.com,reddit.com,599,False
feeds.gothamistllc.com,blog.wired.com,11,False
feeds.gothamistllc.com,gothamist.com,1104,False
feeds.gothamistllc.com,kotaku.com,1,False
feeds.gothamistllc.com,washingtondc.craigslist.org,2,False
feeds.gothamistllc.com,flickr.com,400,False
feeds.gothamistllc.com,ad.doubleclick.net,1,False
feeds.gothamistllc.com,blogs.myspace.com,1,False
feeds.gothamistllc.com,google.com,18,False
feeds.gothamistllc.com,digitalspy.co.uk,1,False
feeds.gothamistllc.com,myspace.com,170,False
feeds.gothamistllc.com,youtube.com,41,False
feeds.gothamistllc.com,reuters.com,8,False
feeds.gothamistllc.com,twitter.com,71,False
feeds.gothamistllc.com,bbc.co.uk,1,False
feeds.gothamistllc.com,marketwatch.com,1,False
feeds.gothamistllc.com,amazon.com,15,False
feeds.gothamistllc.com,washingtonpost.com,27,False
feeds.gothamistllc.com,dailymail.co.uk,9,False
feeds.gothamistllc.com,digg.com,599,False
feeds.gothamistllc.com,sports.espn.go.com,16,False
feeds.gothamistllc.com,telegraph.co.uk,12,False
feeds.gothamistllc.com,maps.google.com,68,False
feeds.gothamistllc.com,imdb.com,39,False
feeds.gothamistllc.com,gawker.com,9,False
feeds.gothamistllc.com,farm4.static.flickr.com,1,False
feeds.gothamistllc.com,boston.com,34,False
feeds.gothamistllc.com,huffingtonpost.com,1,False
feeds.gothamistllc.com,chicagoist.com,1257,False
feeds.gothamistllc.com,newyork.craigslist.org,1,False
laist.com,nytimes.com,1,False
laist.com,imdb.com,18,False
laist.com,amazon.com,1,False
laist.com,facebook.com,25,False
laist.com,flickr.com,34,False
laist.com,youtube.com,2,False
laist.com,maps.google.com,5,False
laist.com,twitter.com,1,False
laist.com,en.wikipedia.org,2,False
laist.com,reddit.com,25,False
laist.com,myspace.com,47,False
laist.com,stumbleupon.com,25,False
laist.com,del.icio.us,25,False
laist.com,digg.com,25,False
laist.com,sports.espn.go.com,1,False
boxxet.com,nytimes.com,10,False
boxxet.com,mashget.com,2,False
boxxet.com,us.rd.yahoo.com,35,False
boxxet.com,feedproxy.google.com,170,False
boxxet.com,feeds.gawker.com,21,False
boxxet.com,digitalspy.co.uk,1,False
boxxet.com,blog.wired.com,4,False
boxxet.com,gawker.com,7,False
boxxet.com,news.google.com,1616,False
boxxet.com,pr-inside.com,12,False
boxxet.com,feeds.feedburner.com,1,False
boxxet.com,google.com,44,False
boxxet.com,dailymail.co.uk,4,False
boxxet.com,twitter.com,4,False
boxxet.com,feeds.gothamistllc.com,3,False
boxxet.com,topix.net,87,False
boxxet.com,huffingtonpost.com,19,False
boxxet.com,youtube.com,6,False
presseportal.de,prnewswire.com,1,False
presseportal.de,euroadhoc.com,1450,False
presseportal.de,newsaktuell.de,1450,False
presseportal.de,twitter.com,2,False
presseportal.de,en.wikipedia.org,2,False
presseportal.de,youtube.com,1,False
newslettermail.blogspot.com,ad.doubleclick.net,2,False
newslettermail.blogspot.com,huffingtonpost.com,1,False
newslettermail.blogspot.com,bbc.co.uk,63,False
newslettermail.blogspot.com,boston.com,1,False
newslettermail.blogspot.com,networkworld.com,1416,False
newslettermail.blogspot.com,news.bbc.co.uk,754,False
newslettermail.blogspot.com,blogger.com,145,False
newslettermail.blogspot.com,twitter.com,71,False
networkworld.com,google.com,2,False
networkworld.com,boston.com,1,False
networkworld.com,blogger.com,1,False
networkworld.com,twitter.com,10,False
networkworld.com,microsoft.com,3,False
networkworld.com,reuters.com,1,False
networkworld.com,facebook.com,3,False
networkworld.com,youtube.com,3,False
networkworld.com,news.cnet.com,3,False
networkworld.com,en.wikipedia.org,8,False
networkworld.com,amazon.com,1,False
digitalspy.co.uk,news.bbc.co.uk,201,False
digitalspy.co.uk,1.bp.blogspot.com,14,False
digitalspy.co.uk,imdb.com,54,False
digitalspy.co.uk,search.twitter.com,3,False
digitalspy.co.uk,2.bp.blogspot.com,8,False
digitalspy.co.uk,nytimes.com,8,False
digitalspy.co.uk,huffingtonpost.com,4,False
digitalspy.co.uk,twitter.com,40,False
digitalspy.co.uk,farm4.static.flickr.com,73,False
digitalspy.co.uk,youtube.com,1383,False
digitalspy.co.uk,dailymail.co.uk,215,False
digitalspy.co.uk,boston.com,6,False
digitalspy.co.uk,bloomberg.com,4,False
digitalspy.co.uk,news.cnet.com,2,False
digitalspy.co.uk,3.bp.blogspot.com,1,False
digitalspy.co.uk,telegraph.co.uk,37,False
digitalspy.co.uk,myspace.com,21,False
digitalspy.co.uk,amazon.co.jp,9,False
digitalspy.co.uk,lostpedia.wikia.com,10,False
digitalspy.co.uk,google.com,34,False
digitalspy.co.uk,4.bp.blogspot.com,1,False
digitalspy.co.uk,en.wikipedia.org,253,False
digitalspy.co.uk,flickr.com,78,False
digitalspy.co.uk,news.yahoo.com,4,False
digitalspy.co.uk,washingtonpost.com,8,False
digitalspy.co.uk,spiegel.de,8,False
digitalspy.co.uk,marketwatch.com,34,False
digitalspy.co.uk,edition.cnn.com,16,False
digitalspy.co.uk,reuters.com,1,False
digitalspy.co.uk,guardian.co.uk,112,False
digitalspy.co.uk,amazon.com,14,False
digitalspy.co.uk,microsoft.com,10,False
digitalspy.co.uk,news.google.com,28,False
digitalspy.co.uk,bbc.co.uk,251,False
digitalspy.co.uk,facebook.com,62,False
polizeipresse.de,newsaktuell.de,1379,False
polizeipresse.de,euroadhoc.com,1379,False
polizeipresse.de,presseportal.de,3,False
chicagoist.com,amazon.com,8,False
chicagoist.com,del.icio.us,75,False
chicagoist.com,google.com,1,False
chicagoist.com,laist.com,1,False
chicagoist.com,flickr.com,108,False
chicagoist.com,youtube.com,76,False
chicagoist.com,myspace.com,9,False
chicagoist.com,nytimes.com,4,False
chicagoist.com,imdb.com,1,False
chicagoist.com,digg.com,75,False
chicagoist.com,stumbleupon.com,75,False
chicagoist.com,facebook.com,75,False
chicagoist.com,reuters.com,1,False
chicagoist.com,online.wsj.com,2,False
chicagoist.com,sports.espn.go.com,5,False
chicagoist.com,reddit.com,75,False
chicagoist.com,gothamist.com,3,False
chicagoist.com,twitter.com,2,False
chicagoist.com,feeds2.feedburner.com,1,False
chicagoist.com,en.wikipedia.org,29,False
d.hatena.ne.jp,java.com,1,True
d.hatena.ne.jp,adobe.com,1,False
d.hatena.ne.jp,twitter.com,15,False
d.hatena.ne.jp,news.cnet.com,1,False
d.hatena.ne.jp,blog.with2.net,72,False
d.hatena.ne.jp,flickr.com,13,False
d.hatena.ne.jp,fashion.blogmura.com,9,False
d.hatena.ne.jp,b.hatena.ne.jp,1228,False
d.hatena.ne.jp,en.wikipedia.org,1,False
d.hatena.ne.jp,youtube.com,46,False
d.hatena.ne.jp,plaza.rakuten.co.jp,4,False
d.hatena.ne.jp,itmedia.co.jp,5,False
d.hatena.ne.jp,blog.livedoor.jp,6,False
d.hatena.ne.jp,groups.google.com,1,False
d.hatena.ne.jp,ameblo.jp,4,False
d.hatena.ne.jp,maps.google.com,1,False
d.hatena.ne.jp,farm4.static.flickr.com,28,False
d.hatena.ne.jp,hb.afl.rakuten.co.jp,489,False
d.hatena.ne.jp,blogmura.com,78,False
d.hatena.ne.jp,tinyurl.com,1,False
d.hatena.ne.jp,asahi.com,12,False
d.hatena.ne.jp,amazon.co.jp,179,False
b.hatena.ne.jp,d.hatena.ne.jp,24,False
troktiko.blogspot.com,2.bp.blogspot.com,406,False
troktiko.blogspot.com,blogs.sync.gr,4,True
troktiko.blogspot.com,edition.cnn.com,1,False
troktiko.blogspot.com,4.bp.blogspot.com,375,False
troktiko.blogspot.com,flickr.com,1,False
troktiko.blogspot.com,youtube.com,2,False
troktiko.blogspot.com,3.bp.blogspot.com,362,False
troktiko.blogspot.com,facebook.com,1225,False
troktiko.blogspot.com,1.bp.blogspot.com,406,False
troktiko.blogspot.com,blogger.com,152,False
gothamist.com,amazon.com,2,False
gothamist.com,telegraph.co.uk,22,False
gothamist.com,stumbleupon.com,37,False
gothamist.com,maps.google.com,1,False
gothamist.com,dailymail.co.uk,3,False
gothamist.com,gawker.com,5,False
gothamist.com,online.wsj.com,6,False
gothamist.com,twitter.com,4,False
gothamist.com,reddit.com,37,False
gothamist.com,del.icio.us,37,False
gothamist.com,facebook.com,37,False
gothamist.com,marketwatch.com,1,False
gothamist.com,sports.espn.go.com,2,False
gothamist.com,flickr.com,35,False
gothamist.com,bloomberg.com,4,False
gothamist.com,youtube.com,5,False
gothamist.com,cnn.com,1,False
gothamist.com,digg.com,37,False
gothamist.com,laist.com,1,False
gothamist.com,newyork.craigslist.org,1,False
gothamist.com,en.wikipedia.org,7,False
gothamist.com,reuters.com,3,False
gothamist.com,sports.yahoo.com,10,False
gothamist.com,myspace.com,2,False
gothamist.com,nytimes.com,57,False
gothamist.com,news.bbc.co.uk,7,False
gothamist.com,chicagoist.com,4,False
seekingalpha.com,feedproxy.google.com,4,False
seekingalpha.com,twitter.com,1023,False
seekingalpha.com,amazon.com,16,False
seekingalpha.com,huffingtonpost.com,4,False
seekingalpha.com,youtube.com,12,False
seekingalpha.com,blogger.com,1,False
seekingalpha.com,telegraph.co.uk,4,False
seekingalpha.com,informationweek.com,1,False
seekingalpha.com,marketwatch.com,8,False
seekingalpha.com,news.google.com,1,False
seekingalpha.com,nytimes.com,25,False
seekingalpha.com,washingtonpost.com,11,False
seekingalpha.com,online.wsj.com,51,False
seekingalpha.com,cnn.com,4,False
seekingalpha.com,news.cnet.com,2,False
seekingalpha.com,bloomberg.com,72,False
seekingalpha.com,en.wikipedia.org,65,False
seekingalpha.com,news.bbc.co.uk,4,False
seekingalpha.com,reuters.com,15,False
seekingalpha.com,news.yahoo.com,6,False
seekingalpha.com,imdb.com,2,False
seekingalpha.com,tinyurl.com,1,False
seekingalpha.com,google.com,8,False
seekingalpha.com,blog.wired.com,2,False
seekingalpha.com,search.bloomberg.com,2,False
seekingalpha.com,guardian.co.uk,13,False
squidoo.com,technorati.com,10,False
squidoo.com,google.com,59,False
squidoo.com,feedproxy.google.com,25,False
squidoo.com,reuters.com,1,False
squidoo.com,myspace.com,2,False
squidoo.com,en.wikipedia.org,28,False
squidoo.com,marketwire.com,1,False
squidoo.com,boxxet.com,1,False
squidoo.com,tinyurl.com,16,False
squidoo.com,guardian.co.uk,15,False
squidoo.com,twitter.com,45,False
squidoo.com,boston.com,1,False
squidoo.com,youtube.com,468,False
squidoo.com,nytimes.com,4,False
squidoo.com,flickr.com,127,False
squidoo.com,bloomberg.com,1,False
squidoo.com,creativecommons.org,1,False
squidoo.com,del.icio.us,7,False
squidoo.com,search.twitter.com,1,False
squidoo.com,addthis.com,1,False
squidoo.com,blog.igooi.com,259,False
squidoo.com,amazon.com,896,False
amazon.com,washingtonpost.com,52,False
amazon.com,guardian.co.uk,108,False
amazon.com,cnn.com,2,False
amazon.com,online.wsj.com,52,False
amazon.com,blog.wired.com,132,False
amazon.com,en.wikipedia.org,258,False
amazon.com,nytimes.com,156,False
amazon.com,google.com,132,False
google.com,nytimes.com,1,False
google.com,youtube.com,1,False
sports.espn.go.com,amazon.com,2,False
sports.espn.go.com,nytimes.com,5,False
sports.espn.go.com,facebook.com,1,False
sports.espn.go.com,bbc.co.uk,1,False
sports.espn.go.com,youtube.com,4,False
www2.lavoz.com.ar,bbc.co.uk,2,False
www2.lavoz.com.ar,twitter.com,834,False
www2.lavoz.com.ar,digg.com,417,False
www2.lavoz.com.ar,telegraph.co.uk,1,False
www2.lavoz.com.ar,del.icio.us,417,False
www2.lavoz.com.ar,myspace.com,1,False
www2.lavoz.com.ar,cnn.com,1,False
www2.lavoz.com.ar,myweb2.search.yahoo.com,417,False
www2.lavoz.com.ar,facebook.com,835,False
www2.lavoz.com.ar,reddit.com,417,False
www2.lavoz.com.ar,google.com,420,False
www2.lavoz.com.ar,oglobo.globo.com,1,False
www2.lavoz.com.ar,es.wikipedia.org,8,False
rp-online.de,youtube.com,1,False
rp-online.de,news.google.de,783,False
pheedo.jp,guardian.co.uk,2,False
pheedo.jp,dailymail.co.uk,7,False
pheedo.jp,bloomberg.com,1,False
pheedo.jp,b.hatena.ne.jp,158,False
pheedo.jp,twitter.com,5,False
pheedo.jp,itmedia.co.jp,10,False
pheedo.jp,reuters.com,1,False
pheedo.jp,2.bp.blogspot.com,1,False
pheedo.jp,amazon.com,2,False
pheedo.jp,news.bbc.co.uk,1,False
pheedo.jp,blog.livedoor.jp,1,False
pheedo.jp,komachi.yomiuri.co.jp,26,False
pheedo.jp,telegraph.co.uk,3,False
pheedo.jp,nytimes.com,3,False
pheedo.jp,microsoft.com,1,False
pheedo.jp,online.wsj.com,2,False
pheedo.jp,amazon.co.jp,2,False
pheedo.jp,washingtonpost.com,2,False
pheedo.jp,en.wikipedia.org,4,False
pheedo.jp,d.hatena.ne.jp,4,False
pheedo.jp,youtube.com,12,False
pheedo.jp,ameblo.jp,2,False
pheedo.jp,digg.com,1,False
pheedo.jp,asahi.com,780,False
asahi.com,amazon.co.jp,41,False
physicsbuzz.physicscentral.com,3.bp.blogspot.com,7,False
physicsbuzz.physicscentral.com,2.bp.blogspot.com,68,False
physicsbuzz.physicscentral.com,blogger.com,530,False
physicsbuzz.physicscentral.com,en.wikipedia.org,759,False
physicsbuzz.physicscentral.com,washingtonpost.com,36,False
physicsbuzz.physicscentral.com,news.bbc.co.uk,6,False
physicsbuzz.physicscentral.com,4.bp.blogspot.com,74,False
news.bbc.co.uk,news.originalsignal.com,1,False
news.bbc.co.uk,bbc.co.uk,11,False
news.bbc.co.uk,adobe.com,2,False
news.bbc.co.uk,myspace.com,1,False
news.bbc.co.uk,news.google.com,2,False
feeds.gawker.com,adobe.com,2,False
feeds.gawker.com,sports.espn.go.com,2,False
feeds.gawker.com,amazon.com,4,False
feeds.gawker.com,news.cnet.com,6,False
feeds.gawker.com,i.gizmodo.com,22,False
feeds.gawker.com,twitter.com,7,False
feeds.gawker.com,google.com,1,False
feeds.gawker.com,gawker.com,142,False
feeds.gawker.com,blog.wired.com,1,False
feeds.gawker.com,flickr.com,9,False
feeds.gawker.com,online.wsj.com,6,False
feeds.gawker.com,microsoft.com,1,False
feeds.gawker.com,guardian.co.uk,5,False
feeds.gawker.com,imdb.com,2,False
feeds.gawker.com,youtube.com,11,False
feeds.gawker.com,kotaku.com,693,False
feeds.gawker.com,blog.livedoor.jp,5,False
feeds.gawker.com,washingtonpost.com,4,False
feeds.gawker.com,physorg.com,1,False
feeds.gawker.com,image.blog.livedoor.jp,2,False
feeds.gawker.com,en.wikipedia.org,6,False
feeds.gawker.com,nytimes.com,9,False
feeds.gawker.com,news.bbc.co.uk,8,False
feeds.gawker.com,farm4.static.flickr.com,1,False
feeds.gawker.com,boston.com,3,False
feeds.gawker.com,telegraph.co.uk,1,False
feeds.gawker.com,dailymail.co.uk,10,False
feeds.gawker.com,search.twitter.com,1,False
kotaku.com,physorg.com,2,False
kotaku.com,google.com,3,False
kotaku.com,nytimes.com,3,False
kotaku.com,telegraph.co.uk,4,False
kotaku.com,image.blog.livedoor.jp,9,False
kotaku.com,blog.wired.com,2,False
kotaku.com,twitter.com,4,False
kotaku.com,blog.livedoor.jp,11,False
kotaku.com,search.twitter.com,1,False
kotaku.com,imdb.com,5,False
kotaku.com,ad.doubleclick.net,1,False
kotaku.com,i.gizmodo.com,4,False
kotaku.com,flickr.com,12,False
kotaku.com,en.wikipedia.org,16,False
kotaku.com,farm4.static.flickr.com,3,False
kotaku.com,marketwatch.com,3,False
kotaku.com,news.bbc.co.uk,2,False
kotaku.com,youtube.com,25,False
kotaku.com,amazon.com,3,False
stern.de,furl.net,293,False
stern.de,adobe.com,4,False
stern.de,news.google.de,638,False
stern.de,twitter.com,1,False
stern.de,del.icio.us,293,False
stern.de,google.com,293,False
myspace.com,msplinks.com,1,False
www2.marketwire.com,youtube.com,8,False
www2.marketwire.com,marketwire.com,165,False
www2.marketwire.com,facebook.com,1,False
www2.marketwire.com,twitter.com,6,False
www2.marketwire.com,flickr.com,2,False
www2.marketwire.com,feeds.feedburner.com,1,False
www2.marketwire.com,search.twitter.com,1,False
www2.marketwire.com,tinyurl.com,2,False
www2.marketwire.com,en.wikipedia.org,3,False
lafd.blogspot.com,maps.google.com,238,False
lafd.blogspot.com,4.bp.blogspot.com,61,False
lafd.blogspot.com,flickr.com,59,False
lafd.blogspot.com,youtube.com,59,False
lafd.blogspot.com,addthis.com,600,False
lafd.blogspot.com,2.bp.blogspot.com,61,False
lafd.blogspot.com,1.bp.blogspot.com,61,False
digg.com,imdb.com,1,False
digg.com,en.wikipedia.org,4,False
reddit.com,en.wikipedia.org,5,False
reddit.com,huffingtonpost.com,1,False
forum.dvdtalk.com,imdb.com,412,False
forum.dvdtalk.com,flickr.com,17,False
forum.dvdtalk.com,cbssports.com,4,False
forum.dvdtalk.com,kotaku.com,19,False
forum.dvdtalk.com,boston.com,10,False
forum.dvdtalk.com,forums.macrumors.com,3,False
forum.dvdtalk.com,cnn.com,8,False
forum.dvdtalk.com,lostpedia.wikia.com,3,False
forum.dvdtalk.com,telegraph.co.uk,2,False
forum.dvdtalk.com,reuters.com,13,False
forum.dvdtalk.com,en.wikipedia.org,67,False
forum.dvdtalk.com,maps.google.com,15,False
forum.dvdtalk.com,news.yahoo.com,51,False
forum.dvdtalk.com,twitter.com,24,False
forum.dvdtalk.com,myspace.com,53,False
forum.dvdtalk.com,amazon.com,596,False
forum.dvdtalk.com,ad.doubleclick.net,516,False
forum.dvdtalk.com,sports.yahoo.com,7,False
forum.dvdtalk.com,washingtonpost.com,9,False
forum.dvdtalk.com,nytimes.com,10,False
forum.dvdtalk.com,news.bbc.co.uk,5,False
forum.dvdtalk.com,google.com,21,False
forum.dvdtalk.com,sports.espn.go.com,16,False
forum.dvdtalk.com,blog.wired.com,8,False
forum.dvdtalk.com,online.wsj.com,2,False
forum.dvdtalk.com,youtube.com,133,False
forum.dvdtalk.com,guardian.co.uk,2,False
forum.dvdtalk.com,microsoft.com,23,False
forum.dvdtalk.com,news.cnet.com,1,False
yousaytoo.com,3.bp.blogspot.com,30,False
yousaytoo.com,1.bp.blogspot.com,22,False
yousaytoo.com,feeds2.feedburner.com,25,False
yousaytoo.com,dailymail.co.uk,1,False
yousaytoo.com,stumbleupon.com,9,False
yousaytoo.com,del.icio.us,9,False
yousaytoo.com,blogger.com,2,False
yousaytoo.com,news.bbc.co.uk,4,False
yousaytoo.com,google.com,10,False
yousaytoo.com,en.wikipedia.org,4,False
yousaytoo.com,digg.com,9,False
yousaytoo.com,addthis.com,508,False
yousaytoo.com,feedproxy.google.com,6,False
yousaytoo.com,4.bp.blogspot.com,25,False
yousaytoo.com,2.bp.blogspot.com,23,False
yousaytoo.com,technorati.com,9,False
yousaytoo.com,youtube.com,4,False
yousaytoo.com,imdb.com,5,False
yousaytoo.com,twitter.com,12,False
yousaytoo.com,myspace.com,9,False
yousaytoo.com,myweb2.search.yahoo.com,9,False
yousaytoo.com,telegraph.co.uk,1,False
yousaytoo.com,furl.net,9,False
yousaytoo.com,amazon.com,2,False
urbanplanet.org,nytimes.com,12,False
urbanplanet.org,maps.google.com,28,False
urbanplanet.org,google.com,12,False
urbanplanet.org,marketwatch.com,11,False
urbanplanet.org,farm4.static.flickr.com,477,False
urbanplanet.org,en.wikipedia.org,49,False
urbanplanet.org,flickr.com,99,False
urbanplanet.org,washingtonpost.com,1,False
urbanplanet.org,youtube.com,34,False
urbanplanet.org,boston.com,6,False
urbanplanet.org,facebook.com,3,False
urbanplanet.org,twitter.com,2,False
urbanplanet.org,online.wsj.com,4,False
urbanplanet.org,imdb.com,3,False
urbanplanet.org,3.bp.blogspot.com,4,False
urbanplanet.org,tinyurl.com,1,False
urbanplanet.org,news.yahoo.com,17,False
urbanplanet.org,1.bp.blogspot.com,4,False
todaystrucking.com,youtube.com,318,False
todaystrucking.com,bloomberg.com,159,False
todaystrucking.com,huffingtonpost.com,1,False
todaystrucking.com,facebook.com,159,False
todaystrucking.com,google.com,159,False
todaystrucking.com,reuters.com,159,False
todaystrucking.com,en.wikipedia.org,476,False
flickr.com,farm4.static.flickr.com,1,False
flickr.com,en.wikipedia.org,1,False
megite.com,news.yahoo.com,1,False
megite.com,nytimes.com,50,False
megite.com,microsoft.com,39,False
megite.com,kotaku.com,181,False
megite.com,online.wsj.com,11,False
megite.com,i.gizmodo.com,56,False
megite.com,guardian.co.uk,14,False
megite.com,google.com,14,False
megite.com,news.bbc.co.uk,41,False
megite.com,treehugger.com,1,False
megite.com,sitepoint.com,14,False
megite.com,gawker.com,48,False
megite.com,huffingtonpost.com,17,False
megite.com,news.cnet.com,81,False
megite.com,digg.com,451,False
megite.com,cnn.com,15,False
megite.com,blog.wired.com,105,False
megite.com,reuters.com,82,False
megite.com,washingtonpost.com,12,False
megite.com,techdirt.com,14,False
megite.com,bbc.co.uk,3,False
megite.com,physorg.com,44,False
megite.com,telegraph.co.uk,10,False
inciclopedia.wikia.com,blogger.com,1,False
inciclopedia.wikia.com,imdb.com,1,False
inciclopedia.wikia.com,uncyclopedia.wikia.com,1,False
inciclopedia.wikia.com,news.bbc.co.uk,5,False
inciclopedia.wikia.com,uncyclopedia.org,101,False
inciclopedia.wikia.com,myspace.com,11,False
inciclopedia.wikia.com,google.com,28,False
inciclopedia.wikia.com,en.wikipedia.org,248,False
inciclopedia.wikia.com,youtube.com,432,False
inciclopedia.wikia.com,es.wikipedia.org,90,False
wikiality.com,flickr.com,2,False
wikiality.com,huffingtonpost.com,428,False
wikiality.com,azstarnet.com,10,False
wikiality.com,en.wikipedia.org,21,False
wikiality.com,news.bbc.co.uk,29,False
wikiality.com,bloomberg.com,18,False
wikiality.com,google.com,66,False
wikiality.com,guardian.co.uk,34,False
wikiality.com,reuters.com,36,False
wikiality.com,edition.cnn.com,14,False
wikiality.com,boston.com,9,False
wikiality.com,facebook.com,1,False
wikiality.com,nytimes.com,82,False
wikiality.com,youtube.com,37,False
wikiality.com,washingtonpost.com,64,False
wikiality.com,dailymail.co.uk,11,False
wikiality.com,search.twitter.com,16,False
wikiality.com,uncyclopedia.org,2,False
wikiality.com,cnn.com,35,False
wikiality.com,telegraph.co.uk,20,False
wikiality.com,gawker.com,2,False
wikiality.com,spiegel.de,1,False
wikiality.com,blog.wired.com,10,False
wikiality.com,news.yahoo.com,73,False
wikiality.com,online.wsj.com,18,False
huffingtonpost.com,en.wikipedia.org,18,False
huffingtonpost.com,news.yahoo.com,8,False
huffingtonpost.com,telegraph.co.uk,4,False
huffingtonpost.com,lifesitenews.com,2,False
huffingtonpost.com,blog.wired.com,2,False
huffingtonpost.com,search.twitter.com,1,False
huffingtonpost.com,youtube.com,10,False
huffingtonpost.com,sports.espn.go.com,1,False
huffingtonpost.com,cnn.com,5,False
huffingtonpost.com,tinyurl.com,1,False
huffingtonpost.com,craigslist.org,1,False
huffingtonpost.com,news.bbc.co.uk,7,False
huffingtonpost.com,online.wsj.com,18,False
huffingtonpost.com,amazon.com,15,False
huffingtonpost.com,washingtonpost.com,13,False
huffingtonpost.com,boston.com,2,False
huffingtonpost.com,facebook.com,1,False
huffingtonpost.com,news.google.com,8,False
huffingtonpost.com,edition.cnn.com,1,False
huffingtonpost.com,twitter.com,9,False
huffingtonpost.com,nytimes.com,46,False
huffingtonpost.com,guardian.co.uk,7,False
huffingtonpost.com,dailymail.co.uk,1,False
huffingtonpost.com,google.com,12,False
huffingtonpost.com,flickr.com,1,False
huffingtonpost.com,reuters.com,6,False
huffingtonpost.com,bloomberg.com,8,False
newsblaze.com,maps.google.com,1,False
newsblaze.com,digg.com,426,False
newsblaze.com,cbssports.com,1,False
newsblaze.com,microsoft.com,2,False
newsblaze.com,news.google.com,21,False
newsblaze.com,twitter.com,3,False
newsblaze.com,amazon.com,6,False
newsblaze.com,tinyurl.com,3,False
newsblaze.com,feeds.feedburner.com,1,False
newsblaze.com,youtube.com,5,False
newsblaze.com,bloomberg.com,2,False
newsblaze.com,blogger.com,425,False
newsblaze.com,en.wikipedia.org,5,False
newsblaze.com,marketwire.com,1,False
newsblaze.com,google.com,1,False
newsblaze.com,technorati.com,1,False
newsblaze.com,nytimes.com,1,False
newsblaze.com,myspace.com,2,False
soccerblogs.net,heraldnet.com,1,False
soccerblogs.net,3.bp.blogspot.com,66,False
soccerblogs.net,news.bbc.co.uk,19,False
soccerblogs.net,youtube.com,17,False
soccerblogs.net,telegraph.co.uk,10,False
soccerblogs.net,technorati.com,33,False
soccerblogs.net,boston.com,4,False
soccerblogs.net,google.com,8,False
soccerblogs.net,1.bp.blogspot.com,79,False
soccerblogs.net,news.google.com,23,False
soccerblogs.net,digg.com,18,False
soccerblogs.net,stumbleupon.com,16,False
soccerblogs.net,del.icio.us,18,False
soccerblogs.net,bbc.co.uk,1,False
soccerblogs.net,bloomberg.com,1,False
soccerblogs.net,2.bp.blogspot.com,53,False
soccerblogs.net,myweb2.search.yahoo.com,18,False
soccerblogs.net,news.yahoo.com,1,False
soccerblogs.net,maps.google.com,1,False
soccerblogs.net,furl.net,16,False
soccerblogs.net,flickr.com,26,False
soccerblogs.net,blogger.com,419,False
soccerblogs.net,search.twitter.com,1,False
soccerblogs.net,reddit.com,16,False
soccerblogs.net,adobe.com,1,False
soccerblogs.net,twitter.com,81,False
soccerblogs.net,splinder.com,2,True
soccerblogs.net,facebook.com,5,False
soccerblogs.net,en.wikipedia.org,25,False
soccerblogs.net,tinyurl.com,1,False
soccerblogs.net,guardian.co.uk,21,False
soccerblogs.net,washingtonpost.com,5,False
soccerblogs.net,dailymail.co.uk,7,False
soccerblogs.net,feeds.feedburner.com,4,False
soccerblogs.net,globoesporte.globo.com,2,False
soccerblogs.net,nytimes.com,3,False
soccerblogs.net,sports.yahoo.com,6,False
soccerblogs.net,farm4.static.flickr.com,2,False
soccerblogs.net,4.bp.blogspot.com,62,False
soccerblogs.net,es.wikipedia.org,4,False
soccerblogs.net,addthis.com,50,False
nytimes.com,news.google.com,41,False
azstarnet.com,youtube.com,2,False
azstarnet.com,topix.net,43,False
azstarnet.com,news.google.com,33,False
azstarnet.com,cbssports.com,2,False
azstarnet.com,sports.espn.go.com,1,False
azstarnet.com,tucson.com,373,False
reuters.com,google.com,1,False
reuters.com,news.google.com,4,False
reuters.com,tinyurl.com,3,False
tinyurl.com,feeds.feedburner.com,1,False
tinyurl.com,amazon.com,8,False
tinyurl.com,3.bp.blogspot.com,1,False
tinyurl.com,us.rd.yahoo.com,2,False
tinyurl.com,en.wikipedia.org,1,False
tinyurl.com,search.bloomberg.com,2,False
tinyurl.com,youtube.com,1,False
physorg.com,news.google.com,5,False
physorg.com,facebook.com,360,False
physorg.com,del.icio.us,360,False
physorg.com,google.com,1,False
physorg.com,search.twitter.com,1,False
physorg.com,twitter.com,1,False
physorg.com,microsoft.com,1,False
physorg.com,reddit.com,360,False
physorg.com,tinyurl.com,2,False
physorg.com,digg.com,360,False
physorg.com,stumbleupon.com,360,False
physorg.com,guardian.co.uk,1,False
wikieducator.org,amazon.com,3,False
wikieducator.org,cnn.com,16,False
wikieducator.org,facebook.com,1,False
wikieducator.org,youtube.com,3,False
wikieducator.org,creativecommons.org,87,False
wikieducator.org,en.wikipedia.org,72,False
wikieducator.org,slideshare.net,66,False
wikieducator.org,groups.google.com,348,False
treehugger.com,reuters.com,11,False
treehugger.com,bloomberg.com,2,False
treehugger.com,news.bbc.co.uk,9,False
treehugger.com,telegraph.co.uk,2,False
treehugger.com,twitter.com,3,False
treehugger.com,dailymail.co.uk,3,False
treehugger.com,online.wsj.com,1,False
treehugger.com,amazon.com,1,False
treehugger.com,bbc.co.uk,1,False
treehugger.com,youtube.com,4,False
treehugger.com,en.wikipedia.org,27,False
treehugger.com,creativecommons.org,1,False
treehugger.com,huffingtonpost.com,5,False
treehugger.com,news.yahoo.com,2,False
treehugger.com,facebook.com,1,False
treehugger.com,google.com,2,False
treehugger.com,guardian.co.uk,10,False
treehugger.com,feedproxy.google.com,329,False
treehugger.com,washingtonpost.com,3,False
treehugger.com,nytimes.com,19,False
treehugger.com,flickr.com,43,False
gadgetracker.com,digg.com,288,False
gadgetracker.com,feedproxy.google.com,155,False
gadgetracker.com,del.icio.us,288,False
news.ameba.jp,boston.com,4,False
news.ameba.jp,reuters.com,1,False
news.ameba.jp,flickr.com,10,False
news.ameba.jp,i.gizmodo.com,5,False
news.ameba.jp,ameblo.jp,22,False
news.ameba.jp,d.hatena.ne.jp,2,False
news.ameba.jp,en.wikipedia.org,1,False
news.ameba.jp,myspace.com,2,False
news.ameba.jp,b.hatena.ne.jp,281,False
news.ameba.jp,blog.livedoor.jp,1,False
news.ameba.jp,amazon.co.jp,12,False
news.ameba.jp,komachi.yomiuri.co.jp,3,False
news.ameba.jp,washingtonpost.com,2,False
news.ameba.jp,youtube.com,2,False
identi.ca,del.icio.us,8,False
identi.ca,youtube.com,46,False
identi.ca,myspace.com,3,False
identi.ca,adobe.com,1,False
identi.ca,imdb.com,1,False
identi.ca,news.yahoo.com,2,False
identi.ca,dailymail.co.uk,1,False
identi.ca,welt.de,1,False
identi.ca,creativecommons.org,1,False
identi.ca,news.bbc.co.uk,11,False
identi.ca,tinyurl.com,271,False
identi.ca,stern.de,1,False
identi.ca,guardian.co.uk,5,False
identi.ca,es.wikipedia.org,1,False
identi.ca,groups.google.com,4,False
identi.ca,feedproxy.google.com,15,False
identi.ca,twitter.com,29,False
identi.ca,reddit.com,4,False
identi.ca,en.wikipedia.org,9,False
identi.ca,bbc.co.uk,68,False
identi.ca,tellafriend.socialtwist.com,5,False
identi.ca,nytimes.com,1,False
identi.ca,techdirt.com,1,False
identi.ca,blog.livedoor.jp,1,False
identi.ca,amazon.com,1,False
identi.ca,search.twitter.com,1,False
identi.ca,facebook.com,1,False
identi.ca,slideshare.net,2,False
identi.ca,news.cnet.com,4,False
identi.ca,flickr.com,10,False
identi.ca,telegraph.co.uk,2,False
identi.ca,digg.com,38,False
identi.ca,microsoft.com,1,False
identi.ca,google.com,6,False
identi.ca,feeds.digg.com,4,False
bbc.co.uk,microsoft.com,2,False
bbc.co.uk,google.com,2,False
bbc.co.uk,flickr.com,3,False
bbc.co.uk,telegraph.co.uk,2,False
bbc.co.uk,facebook.com,1,False
bbc.co.uk,twitter.com,13,False
bbc.co.uk,guardian.co.uk,1,False
bbc.co.uk,creativecommons.org,41,False
bbc.co.uk,en.wikipedia.org,11,False
bbc.co.uk,adobe.com,4,False
bbc.co.uk,reuters.com,1,False
bbc.co.uk,news.bbc.co.uk,129,False
bbc.co.uk,es.wikipedia.org,9,False
bbc.co.uk,nytimes.com,1,False
bbc.co.uk,youtube.com,4,False
bbc.co.uk,tinyurl.com,1,False
spiegel.de,digg.com,1,False
spiegel.de,nytimes.com,1,False
spiegel.de,welt.de,17,False
spiegel.de,news.bbc.co.uk,2,False
spiegel.de,guardian.co.uk,1,False
spiegel.de,del.icio.us,1,False
spiegel.de,news.google.de,250,False
spiegel.de,bbc.co.uk,1,False
spiegel.de,youtube.com,2,False
spiegel.de,reuters.com,2,False
spiegel.de,news.yahoo.com,1,False
golpedegato.blogspot.com,nytimes.com,7,False
golpedegato.blogspot.com,2.bp.blogspot.com,1,False
golpedegato.blogspot.com,ameblo.jp,1,False
golpedegato.blogspot.com,spiegel.de,1,False
golpedegato.blogspot.com,en.wikipedia.org,2,False
golpedegato.blogspot.com,edition.cnn.com,3,False
golpedegato.blogspot.com,washingtonpost.com,2,False
golpedegato.blogspot.com,www1.folha.uol.com.br,1,False
golpedegato.blogspot.com,facebook.com,2,False
golpedegato.blogspot.com,inciclopedia.wikia.com,1,False
golpedegato.blogspot.com,blog.wired.com,2,False
golpedegato.blogspot.com,digg.com,1,False
golpedegato.blogspot.com,news.bbc.co.uk,37,False
golpedegato.blogspot.com,news.yahoo.com,1,False
golpedegato.blogspot.com,news.cnet.com,2,False
golpedegato.blogspot.com,dailymail.co.uk,12,False
golpedegato.blogspot.com,boston.com,5,False
golpedegato.blogspot.com,guardian.co.uk,12,False
golpedegato.blogspot.com,reuters.com,2,False
golpedegato.blogspot.com,es.wikipedia.org,5,False
golpedegato.blogspot.com,treehugger.com,1,False
golpedegato.blogspot.com,blogger.com,223,False
golpedegato.blogspot.com,slideshare.net,2,False
golpedegato.blogspot.com,flickr.com,23,False
golpedegato.blogspot.com,blogalaxia.com,4,False
golpedegato.blogspot.com,microsoft.com,1,False
golpedegato.blogspot.com,i.gizmodo.com,2,False
golpedegato.blogspot.com,bbc.co.uk,9,False
golpedegato.blogspot.com,blogs.myspace.com,2,False
golpedegato.blogspot.com,youtube.com,112,False
golpedegato.blogspot.com,lifesitenews.com,1,False
golpedegato.blogspot.com,google.com,13,False
golpedegato.blogspot.com,huffingtonpost.com,4,False
golpedegato.blogspot.com,telegraph.co.uk,12,False
golpedegato.blogspot.com,1.bp.blogspot.com,1,False
golpedegato.blogspot.com,feedproxy.google.com,8,False
golpedegato.blogspot.com,online.wsj.com,6,False
online.wsj.com,google.com,2,False
online.wsj.com,news.google.com,12,False
online.wsj.com,blog.wired.com,1,False
dailymail.co.uk,news.google.com,40,False
dailymail.co.uk,twitter.com,2,False
dailymail.co.uk,youtube.com,3,False
i.gizmodo.com,boston.com,1,False
i.gizmodo.com,en.wikipedia.org,23,False
i.gizmodo.com,blog.wired.com,3,False
i.gizmodo.com,earthtimes.org,1,False
i.gizmodo.com,dailymail.co.uk,1,False
i.gizmodo.com,kotaku.com,13,False
i.gizmodo.com,nytimes.com,4,False
i.gizmodo.com,youtube.com,20,False
i.gizmodo.com,slickdeals.net,1,False
i.gizmodo.com,twitter.com,18,False
i.gizmodo.com,news.bbc.co.uk,16,False
i.gizmodo.com,marketwatch.com,2,False
i.gizmodo.com,digg.com,3,False
i.gizmodo.com,physorg.com,7,False
i.gizmodo.com,news.cnet.com,11,False
i.gizmodo.com,online.wsj.com,3,False
i.gizmodo.com,ad.doubleclick.net,5,False
i.gizmodo.com,feeds.gawker.com,90,False
i.gizmodo.com,cnn.com,2,False
i.gizmodo.com,reddit.com,3,False
i.gizmodo.com,flickr.com,19,False
i.gizmodo.com,amazon.com,206,False
i.gizmodo.com,google.com,3,False
aussie-nintendo.com,news.bbc.co.uk,74,False
aussie-nintendo.com,myspace.com,83,False
aussie-nintendo.com,blog.wired.com,171,False
aussie-nintendo.com,youtube.com,113,False
blog.wired.com,boston.com,2,False
blog.wired.com,online.wsj.com,5,False
blog.wired.com,amazon.com,10,False
blog.wired.com,cnn.com,4,False
blog.wired.com,digg.com,3,False
blog.wired.com,reuters.com,5,False
blog.wired.com,sports.espn.go.com,1,False
blog.wired.com,flickr.com,3,False
blog.wired.com,google.com,23,False
blog.wired.com,huffingtonpost.com,2,False
blog.wired.com,youtube.com,1,False
blog.wired.com,imdb.com,8,False
blog.wired.com,guardian.co.uk,4,False
blog.wired.com,news.bbc.co.uk,8,False
blog.wired.com,treehugger.com,2,False
blog.wired.com,washingtonpost.com,1,False
blog.wired.com,news.yahoo.com,2,False
blog.wired.com,kotaku.com,1,False
blog.wired.com,nytimes.com,5,False
blog.wired.com,technorati.com,1,False
blog.wired.com,telegraph.co.uk,4,False
blog.wired.com,physorg.com,1,False
blog.wired.com,bloomberg.com,1,False
blog.wired.com,twitter.com,5,False
blog.wired.com,dailymail.co.uk,1,False
blog.wired.com,afterdawn.com,2,False
blog.wired.com,en.wikipedia.org,83,False
marketwire.com,feeds.feedburner.com,2,False
marketwire.com,search.twitter.com,1,False
marketwire.com,en.wikipedia.org,11,False
marketwire.com,news.google.com,1,False
marketwire.com,tinyurl.com,3,False
marketwire.com,twitter.com,10,False
marketwire.com,flickr.com,4,False
marketwire.com,www2.marketwire.com,5,False
marketwire.com,youtube.com,14,False
marketwire.com,facebook.com,1,False
conservapedia.com,guardian.co.uk,5,False
conservapedia.com,3.bp.blogspot.com,4,False
conservapedia.com,online.wsj.com,18,False
conservapedia.com,telegraph.co.uk,2,False
conservapedia.com,news.yahoo.com,70,False
conservapedia.com,cnn.com,79,False
conservapedia.com,news.bbc.co.uk,31,False
conservapedia.com,washingtonpost.com,4,False
conservapedia.com,huffingtonpost.com,4,False
conservapedia.com,nytimes.com,159,False
conservapedia.com,en.wikipedia.org,15,False
conservapedia.com,amazon.com,80,False
conservapedia.com,bloomberg.com,3,False
conservapedia.com,reuters.com,1,False
conservapedia.com,technorati.com,1,False
conservapedia.com,google.com,6,False
conservapedia.com,townhall.com,13,False
conservapedia.com,youtube.com,6,False
conservapedia.com,bbc.co.uk,2,False
boston.com,myspace.com,14,False
boston.com,news.google.com,85,False
boston.com,guardian.co.uk,3,False
boston.com,en.wikipedia.org,3,False
boston.com,adobe.com,1,False
boston.com,google.com,2,False
boston.com,craigslist.org,2,False
boston.com,imdb.com,2,False
boston.com,tinyurl.com,16,False
boston.com,telegraph.co.uk,8,False
boston.com,nytimes.com,14,False
boston.com,amazon.com,21,False
boston.com,news.bbc.co.uk,1,False
boston.com,twitter.com,4,False
boston.com,topix.net,54,False
boston.com,online.wsj.com,1,False
boston.com,youtube.com,24,False
boston.com,dailymail.co.uk,1,False
boston.com,spiegel.de,2,False
boston.com,washingtonpost.com,18,False
boston.com,flickr.com,6,False
forums.macrumors.com,marketwatch.com,8,False
forums.macrumors.com,bloomberg.com,2,False
forums.macrumors.com,informationweek.com,9,False
forums.macrumors.com,i.gizmodo.com,8,False
forums.macrumors.com,online.wsj.com,1,False
forums.macrumors.com,en.wikipedia.org,108,False
forums.macrumors.com,flickr.com,72,False
forums.macrumors.com,seekingalpha.com,2,False
forums.macrumors.com,google.com,22,False
forums.macrumors.com,amazon.com,107,False
forums.macrumors.com,guardian.co.uk,12,False
forums.macrumors.com,youtube.com,146,False
forums.macrumors.com,myspace.com,9,False
forums.macrumors.com,microsoft.com,11,False
forums.macrumors.com,news.yahoo.com,2,False
forums.macrumors.com,1.bp.blogspot.com,16,False
forums.macrumors.com,nytimes.com,32,False
forums.macrumors.com,rapidshare.com,12,False
forums.macrumors.com,tinyurl.com,7,False
forums.macrumors.com,news.cnet.com,2,False
forums.macrumors.com,farm4.static.flickr.com,86,False
forums.macrumors.com,telegraph.co.uk,2,False
forums.macrumors.com,cnn.com,12,False
forums.macrumors.com,imdb.com,2,False
forums.macrumors.com,news.bbc.co.uk,129,False
forums.macrumors.com,twitter.com,5,False
forums.macrumors.com,reuters.com,2,False
gawker.com,ad.doubleclick.net,7,False
gawker.com,boston.com,28,False
gawker.com,bloomberg.com,6,False
gawker.com,flickr.com,16,False
gawker.com,feeds.gawker.com,4,False
gawker.com,gothamist.com,2,False
gawker.com,news.bbc.co.uk,1,False
gawker.com,youtube.com,28,False
gawker.com,nytimes.com,131,False
gawker.com,online.wsj.com,37,False
gawker.com,washingtonpost.com,26,False
gawker.com,myspace.com,1,False
gawker.com,imdb.com,3,False
gawker.com,edition.cnn.com,12,False
gawker.com,guardian.co.uk,10,False
gawker.com,huffingtonpost.com,7,False
gawker.com,amazon.com,4,False
gawker.com,twitter.com,54,False
gawker.com,maps.google.com,1,False
gawker.com,reuters.com,13,False
gawker.com,google.com,18,False
gawker.com,en.wikipedia.org,5,False
gawker.com,dailymail.co.uk,16,False
gawker.com,facebook.com,7,False
gawker.com,news.yahoo.com,2,False
gawker.com,marketwatch.com,1,False
gawker.com,news.cnet.com,16,False
creativecommons.org,en.wikipedia.org,1,False
washingtonpost.com,facebook.com,3,False
washingtonpost.com,nytimes.com,4,False
washingtonpost.com,guardian.co.uk,2,False
washingtonpost.com,microsoft.com,3,False
washingtonpost.com,del.icio.us,10,False
washingtonpost.com,flickr.com,1,False
washingtonpost.com,online.wsj.com,8,False
washingtonpost.com,youtube.com,4,False
washingtonpost.com,digg.com,1,False
washingtonpost.com,twitter.com,2,False
washingtonpost.com,reuters.com,1,False
rss-nachrichten.de,rss.feedsportal.com,25,False
rss-nachrichten.de,twitter.com,26,False
rss-nachrichten.de,en.wikipedia.org,1,False
rss-nachrichten.de,feedproxy.google.com,95,False
rss-nachrichten.de,feeds2.feedburner.com,26,False
rss-nachrichten.de,spiegel.de,2,False
rss-nachrichten.de,microsoft.com,1,False
rss-nachrichten.de,feeds.feedburner.com,1,False
rss-nachrichten.de,focus.de,1,False
rss-nachrichten.de,digg.com,1,False
rss-nachrichten.de,stumbleupon.com,1,False
rss-nachrichten.de,technorati.com,1,False
rss-nachrichten.de,reddit.com,1,False
kinkaa.de,photocase.de,1,True
kinkaa.de,presseportal.de,16,False
kinkaa.de,google.com,3,False
kinkaa.de,spiegel.de,43,False
kinkaa.de,maerkischeallgemeine.de,6,False
kinkaa.de,appl.welt.de,2,False
kinkaa.de,microsoft.com,8,False
kinkaa.de,newsticker.welt.de,1,False
kinkaa.de,stern.de,5,False
kinkaa.de,en.wikipedia.org,2,False
kinkaa.de,bild.de,86,False
kinkaa.de,focus.de,32,False
kinkaa.de,welt.de,33,False
kinkaa.de,rp-online.de,5,False
news.cnet.com,news.google.com,30,False
news.cnet.com,blog.wired.com,2,False
news.cnet.com,cnn.com,2,False
news.cnet.com,microsoft.com,11,False
news.cnet.com,marketwatch.com,2,False
news.cnet.com,myspace.com,2,False
news.cnet.com,nytimes.com,3,False
news.cnet.com,dailymail.co.uk,2,False
news.cnet.com,online.wsj.com,8,False
news.cnet.com,topix.net,1,False
news.cnet.com,news.bbc.co.uk,1,False
news.cnet.com,youtube.com,5,False
news.cnet.com,facebook.com,1,False
news.cnet.com,reuters.com,1,False
news.cnet.com,amazon.com,6,False
news.cnet.com,guardian.co.uk,7,False
news.cnet.com,twitter.com,25,False
news.cnet.com,en.wikipedia.org,9,False
www1.folha.uol.com.br,tecnologia.uol.com.br,80,False
www1.folha.uol.com.br,bbc.co.uk,1,False
www1.folha.uol.com.br,microsoft.com,1,False
newsdeskhelsinkifinland.net,guardian.co.uk,32,False
newsdeskhelsinkifinland.net,telegraph.co.uk,15,False
newsdeskhelsinkifinland.net,google.com,8,False
newsdeskhelsinkifinland.net,bloomberg.com,9,False
newsdeskhelsinkifinland.net,washingtonpost.com,75,False
newsdeskhelsinkifinland.net,search.bloomberg.com,1,False
newsdeskhelsinkifinland.net,earthtimes.org,10,False
newsdeskhelsinkifinland.net,online.wsj.com,8,False
newsdeskhelsinkifinland.net,dailymail.co.uk,18,False
newsdeskhelsinkifinland.net,huffingtonpost.com,52,False
newsdeskhelsinkifinland.net,nytimes.com,2,False
newsdeskhelsinkifinland.net,boston.com,7,False
telegraph.co.uk,youtube.com,2,False
telegraph.co.uk,news.google.com,1,False
telegraph.co.uk,guardian.co.uk,1,False
telegraph.co.uk,facebook.com,1,False
telegraph.co.uk,topix.net,3,False
telegraph.co.uk,amazon.com,1,False
telegraph.co.uk,search.twitter.com,1,False
telegraph.co.uk,washingtonpost.com,1,False
telegraph.co.uk,twitter.com,8,False
telegraph.co.uk,bbc.co.uk,1,False
telegraph.co.uk,flickr.com,1,False
forum.brighthand.com,blog.wired.com,69,True
townhall.com,amazon.com,58,False
townhall.com,youtube.com,2,False
townhall.com,lifenews.com,6,False
townhall.com,tinyurl.com,3,False
townhall.com,news.yahoo.com,2,False
townhall.com,nytimes.com,9,False
townhall.com,washingtonpost.com,9,False
townhall.com,cnn.com,4,False
marketwatch.com,online.wsj.com,23,False
marketwatch.com,nytimes.com,3,False
marketwatch.com,washingtonpost.com,2,False
marketwatch.com,twitter.com,1,False
marketwatch.com,bloomberg.com,1,False
marketwatch.com,myspace.com,1,False
marketwatch.com,topix.net,7,False
marketwatch.com,tinyurl.com,1,False
marketwatch.com,microsoft.com,1,False
marketwatch.com,news.google.com,23,False
marketwatch.com,google.com,7,False
desciclo.pedia.ws,globoesporte.globo.com,2,False
desciclo.pedia.ws,www1.folha.uol.com.br,2,False
desciclo.pedia.ws,youtube.com,52,False
techdirt.com,news.cnet.com,10,False
techdirt.com,news.bbc.co.uk,13,False
techdirt.com,telegraph.co.uk,1,False
techdirt.com,marketwatch.com,7,False
techdirt.com,news.yahoo.com,2,False
techdirt.com,nytimes.com,35,False
techdirt.com,seekingalpha.com,1,False
techdirt.com,blog.wired.com,33,False
techdirt.com,marketwire.com,1,False
techdirt.com,boston.com,5,False
techdirt.com,en.wikipedia.org,22,False
techdirt.com,twitter.com,13,False
techdirt.com,youtube.com,3,False
techdirt.com,google.com,5,False
techdirt.com,prnewswire.com,1,False
techdirt.com,networkworld.com,1,False
techdirt.com,edition.cnn.com,1,False
techdirt.com,reuters.com,5,False
techdirt.com,guardian.co.uk,7,False
techdirt.com,online.wsj.com,9,False
techdirt.com,informationweek.com,9,False
techdirt.com,bloomberg.com,2,False
techdirt.com,kotaku.com,1,False
techdirt.com,washingtonpost.com,3,False
techdirt.com,earthtimes.org,1,False
techdirt.com,amazon.com,1,False
pheedcontent.com,nytimes.com,14,False
pheedcontent.com,blog.wired.com,1,False
pheedcontent.com,flickr.com,1,False
pheedcontent.com,microsoft.com,2,False
pheedcontent.com,digg.com,2,False
pheedcontent.com,imdb.com,1,False
pheedcontent.com,1.bp.blogspot.com,1,False
pheedcontent.com,online.wsj.com,8,False
pheedcontent.com,twitter.com,11,False
pheedcontent.com,youtube.com,9,False
pheedcontent.com,marketwatch.com,2,False
pheedcontent.com,bloomberg.com,7,False
pheedcontent.com,sitepoint.com,30,False
pheedcontent.com,facebook.com,1,False
pheedcontent.com,reddit.com,1,False
pheedcontent.com,macobserver.com,10,False
pheedcontent.com,news.bbc.co.uk,1,False
pheedcontent.com,amazon.com,2,False
pheedcontent.com,en.wikipedia.org,5,False
pheedcontent.com,informationweek.com,2,False
pheedcontent.com,google.com,5,False
pheedcontent.com,guardian.co.uk,1,False
pheedcontent.com,reuters.com,4,False
pheedcontent.com,cnn.com,1,False
pheedcontent.com,gawker.com,1,False
pheedcontent.com,news.cnet.com,5,False
informationweek.com,google.com,24,False
informationweek.com,nytimes.com,8,False
informationweek.com,news.bbc.co.uk,2,False
informationweek.com,news.google.com,1,False
informationweek.com,groups.google.com,1,False
informationweek.com,blog.wired.com,8,False
informationweek.com,guardian.co.uk,2,False
informationweek.com,microsoft.com,28,False
informationweek.com,telegraph.co.uk,6,False
informationweek.com,news.cnet.com,6,False
informationweek.com,youtube.com,20,False
informationweek.com,dailymail.co.uk,4,False
informationweek.com,search.twitter.com,6,False
informationweek.com,online.wsj.com,13,False
informationweek.com,i.gizmodo.com,3,False
informationweek.com,seekingalpha.com,4,False
informationweek.com,cnn.com,4,False
informationweek.com,twitter.com,16,False
informationweek.com,en.wikipedia.org,25,False
informationweek.com,news.yahoo.com,8,False
informationweek.com,huffingtonpost.com,2,False
informationweek.com,reuters.com,12,False
feeds2.feedburner.com,twitter.com,1,False
feeds2.feedburner.com,en.wikipedia.org,1,False
feeds2.feedburner.com,groups.google.com,1,False
feeds2.feedburner.com,i.gizmodo.com,1,False
feeds2.feedburner.com,search.twitter.com,1,False
feeds2.feedburner.com,youtube.com,1,False
cbssports.com,news.google.com,1,False
kinkaa.com,allafrica.com,1,False
kinkaa.com,reuters.com,1,False
kinkaa.com,amazon.com,2,False
kinkaa.com,myspace.com,3,False
kinkaa.com,suite101.com,3,True
kinkaa.com,kinkaa.de,1,False
kinkaa.com,bbc.co.uk,4,False
kinkaa.com,youtube.com,1,False
kinkaa.com,en.wikipedia.org,1,False
kinkaa.com,guardian.co.uk,9,False
kinkaa.com,squidoo.com,1,False
prnewswire.com,bloomberg.com,4,False
prnewswire.com,tinyurl.com,3,False
prnewswire.com,microsoft.com,2,False
prnewswire.com,facebook.com,4,False
prnewswire.com,youtube.com,4,False
prnewswire.com,en.wikipedia.org,1,False
prnewswire.com,twitter.com,2,False
emediawire.com,maps.google.com,1,False
emediawire.com,youtube.com,6,False
emediawire.com,microsoft.com,3,False
emediawire.com,farm4.static.flickr.com,1,False
emediawire.com,facebook.com,3,False
emediawire.com,twitter.com,4,False
emediawire.com,tinyurl.com,1,False
emediawire.com,en.wikipedia.org,1,False
emediawire.com,washingtonpost.com,1,False
emediawire.com,amazon.com,5,False
feeds.feedburner.com,news.bbc.co.uk,1,False
feeds.feedburner.com,en.wikipedia.org,1,False
feeds.feedburner.com,nytimes.com,2,False
feeds.feedburner.com,youtube.com,1,False
feeds.feedburner.com,bloomberg.com,1,False
feeds.feedburner.com,myspace.com,2,False
feeds.feedburner.com,gawker.com,1,False
feeds.feedburner.com,microsoft.com,4,False
productreviewssite.com,youtube.com,2,False
productreviewssite.com,squidoo.com,2,False
productreviewssite.com,articlesbase.com,1,False
