source_domain,target_domain,weight
golivewire.com,gocollegeforums.com,122850
mashget.com,twitter.com,63328
forums.hardwarezone.com,ad.doubleclick.net,60289
articlesbase.com,global-investment-institute.com,53469
lostpedia.wikia.com,lostpedia.com,48636
uncyclopedia.wikia.com,uncyclopedia.org,45413
welt.de,newsticker.welt.de,45256
scouty.de,newsticker.welt.de,35314
mashget.com,youtube.com,32024
seattle.craigslist.org,craigslist.org,25118
sfbay.craigslist.org,craigslist.org,23594
chicago.craigslist.org,craigslist.org,23258
techchuck.com,twitter.com,21696
losangeles.craigslist.org,craigslist.org,21040
newyork.craigslist.org,craigslist.org,21036
sandiego.craigslist.org,craigslist.org,20256
macobserver.com,dealsontheweb.com,19388
boston.craigslist.org,craigslist.org,19346
miami.craigslist.org,craigslist.org,18827
soonews.ca,students.sessions.edu,17425
tsushima.2ch.net,2nn.jp,17232
neighbors.denverpost.com,doctorwascher.com,15252
plaza.rakuten.co.jp,hb.afl.rakuten.co.jp,13356
komachi-rss.yomiuri.co.jp,komachi.yomiuri.co.jp,12504
g1.globo.com,globo.com,12159
edita.jp,ameblo.jp,12070
forums.seroundtable.com,seroundtable.com,11229
torrentportal.com,corruptlogic.com,10982
techchuck.com,youtube.com,10934
news.nifty.com,clink.nifty.com,10504
plaza.rakuten.co.jp,tag.rakuten.co.jp,10063
rss.rssad.jp,kanshin.com,10059
washingtondc.craigslist.org,craigslist.org,9185
tucsoncitizen.com,tucson.com,8036
newsticker.welt.de,appl.welt.de,7548
articlesbase.com,addthis.com,7502
rss.marketing-etudiant.fr,marketing-etudiant.fr,7348
focus.de,blog.focus.msn.de,7149
prolifeblogs.com,feedproxy.google.com,7026
olhares.aeiou.pt,olhares.com,6901
pr-inside.com,cts.businesswire.com,6703
mashget.com,search.twitter.com,6688
welt.de,suche.welt.de,6368
cnn.com,topics.cnn.com,6292
blog.livedoor.jp,blog.livedoor.com,6266
tucsoncitizen.com,tucson.metromix.com,5982
digifree.blogspot.com,technorati.com,5956
slideshare.net,slideshare.com,5832
feeds.digg.com,digg.originalsignal.com,5416
wordle.net,java.com,5402
focus.de,kurse.focus.de,5321
earthtimes.org,cts.businesswire.com,4793
focus.de,news.google.de,4690
ameblo.jp,blog.with2.net,4643
earthtimes.org,twitter.com,4601
answers.polldaddy.com,gravatar.com,4552
anchorage.2ch.net,2nn.jp,4485
footyheads.com.au,utm.utoronto.ca,4455
forums.slickdeals.net,slickdeals.net,4378
blog.ponoko.com,www2.medcomp.comp.nus.edu.sg,4335
blogs.myspace.com,msplinks.com,4195
blog.livedoor.jp,image.blog.livedoor.jp,4094
rss.feedsportal.com,bild.de,4068
sulit.com.ph,addthis.com,4004
sulit.com.ph,tellafriend.socialtwist.com,4004
bloomberg.com,search.bloomberg.com,3819
prolifeblogs.com,lifenews.com,3584
rss.feedsportal.com,maerkischeallgemeine.de,3253
bild.de,news.google.de,3211
rss.inside-handy.de,inside-handy.de,3053
us.rd.yahoo.com,sports.yahoo.com,3052
globoesporte.globo.com,globo.com,3041
heraldnet.com,snohomishcountybusinessjournal.com,3035
sitepoint.com,worldpay.com,2981
friendstertalk.com,profiles.friendster.com,2928
info.abril.uol.com.br,tecnologia.uol.com.br,2879
rss.feedsportal.com,ameinfo.com,2849
oglobo.globo.com,news.google.com.br,2823
guardian.co.uk,indeed.com,2801
groups.google.com,groups-beta.google.com,2792
blog.ponoko.com,students.sessions.edu,2792
yenisafak.com.tr,yenisafak.com,2789
focus.de,mein.focus.de,2786
ratemydrawings.com,adobe.com,2779
soonews.ca,simplelogica.net,2752
marvel.wikia.com,marveldatabase.com,2721
prolifeblogs.com,covenantnews.com,2639
subterraneanpress.com,www2.medcomp.comp.nus.edu.sg,2601
cobranchi.com,www2.medcomp.comp.nus.edu.sg,2598
photocase.com,photocase.de,2572
globoesporte.globo.com,globoesporte.com,2542
prolifeblogs.com,valuesvoternews.com,2530
edition.cnn.com,topics.edition.cnn.com,2527
prolifeblogs.com,lifesitenews.com,2459
forums.afterdawn.com,afterdawn.com,2442
mygraduationspace.com,news.google.com,2441
rss.rssad.jp,itmedia.co.jp,2438
focus.de,bb.focus.de,2435
furry.wikia.com,en.wikipedia.org,2346
es.lostpedia.wikia.com,es.lostpedia.com,2323
prolifeblogs.com,dfwcatholic.org,2282
blick.ch,is.blick.ch,2278
techchuck.com,search.twitter.com,2276
hometowndigest.com,rss.cnn.com,2230
fr.allafrica.com,allafrica.com,2214
takeshima.2ch.net,2nn.jp,2120
escapegames24.com,blogger.com,2111
quote.bloomberg.com,search.bloomberg.com,2088
etoileblog.com,etoile-blog.com,2065
welt.de,appl.welt.de,2034
plaza.rakuten.co.jp,fashion.blogmura.com,2014
tucsoncitizen.com,addthis.com,2009
hindustantimes.com,addthis.com,1996
mahalo.com,en.wikipedia.org,1992
us.rd.yahoo.com,news.yahoo.com,1948
nothingandall.blogspot.com,en.wikipedia.org,1941
sportsnipe.com,feedproxy.google.com,1920
mahalo.com,youtube.com,1766
soonews.ca,www2.medcomp.comp.nus.edu.sg,1734
mahalo.com,maps.google.com,1714
ameblo.jp,hb.afl.rakuten.co.jp,1707
feeds.gothamistllc.com,laist.com,1636
boxxet.com,news.google.com,1616
lostpedia.wikia.com,en.wikipedia.org,1455
presseportal.de,euroadhoc.com,1450
presseportal.de,newsaktuell.de,1450
ameblo.jp,blogmura.com,1418
newslettermail.blogspot.com,networkworld.com,1416
cobranchi.com,students.sessions.edu,1394
digitalspy.co.uk,youtube.com,1383
polizeipresse.de,euroadhoc.com,1379
polizeipresse.de,newsaktuell.de,1379
cobranchi.com,simplelogica.net,1374
feeds.digg.com,news.originalsignal.com,1373
ameblo.jp,amazon.co.jp,1372
feeds.gothamistllc.com,chicagoist.com,1257
plaza.rakuten.co.jp,blog.with2.net,1256
rss.cnn.com,news.originalsignal.com,1229
d.hatena.ne.jp,b.hatena.ne.jp,1228
troktiko.blogspot.com,facebook.com,1225
sportsnipe.com,us.rd.yahoo.com,1167
feeds.gothamistllc.com,gothamist.com,1104
rss.cnn.com,topics.cnn.com,1088
seekingalpha.com,twitter.com,1023
golivewire.com,youtube.com,973
plaza.rakuten.co.jp,blogmura.com,924
squidoo.com,amazon.com,896
neighbors.denverpost.com,google.com,885
sportsnipe.com,sports.espn.go.com,867
blog.livedoor.jp,blog.with2.net,863
mahalo.com,amazon.com,854
blog.livedoor.com,blog.livedoor.jp,853
neighbors.denverpost.com,youtube.com,844
www2.lavoz.com.ar,facebook.com,835
www2.lavoz.com.ar,twitter.com,834
rp-online.de,news.google.de,783
pheedo.jp,asahi.com,780
physicsbuzz.physicscentral.com,en.wikipedia.org,759
newslettermail.blogspot.com,news.bbc.co.uk,754
uncyclopedia.wikia.com,en.wikipedia.org,721
news.yahoo.com,us.rd.yahoo.com,705
feeds.gawker.com,kotaku.com,693
blog.ponoko.com,simplelogica.net,688
stern.de,news.google.de,638
golivewire.com,myspace.com,636
pr-inside.com,www2.marketwire.com,621
focus.de,del.icio.us,612
focus.de,google.com,612
focus.de,facebook.com,612
feeds.gothamistllc.com,facebook.com,607
lafd.blogspot.com,addthis.com,600
feeds.gothamistllc.com,digg.com,599
feeds.gothamistllc.com,stumbleupon.com,599
feeds.gothamistllc.com,reddit.com,599
feeds.gothamistllc.com,del.icio.us,599
forum.dvdtalk.com,amazon.com,596
blog.livedoor.jp,amazon.co.jp,549
physicsbuzz.physicscentral.com,blogger.com,530
forum.dvdtalk.com,ad.doubleclick.net,516
yousaytoo.com,addthis.com,508
d.hatena.ne.jp,hb.afl.rakuten.co.jp,489
rss.rssad.jp,amazon.co.jp,487
urbanplanet.org,farm4.static.flickr.com,477
todaystrucking.com,en.wikipedia.org,476
squidoo.com,youtube.com,468
mahalo.com,news.google.com,461
cnn.com,edition.cnn.com,455
mahalo.com,flickr.com,454
megite.com,digg.com,451
mahalo.com,imdb.com,437
inciclopedia.wikia.com,youtube.com,432
wikiality.com,huffingtonpost.com,428
newsblaze.com,digg.com,426
newsblaze.com,blogger.com,425
www2.lavoz.com.ar,google.com,420
soccerblogs.net,blogger.com,419
www2.lavoz.com.ar,del.icio.us,417
www2.lavoz.com.ar,digg.com,417
www2.lavoz.com.ar,myweb2.search.yahoo.com,417
www2.lavoz.com.ar,reddit.com,417
forum.dvdtalk.com,imdb.com,412
mashget.com,huffingtonpost.com,408
troktiko.blogspot.com,2.bp.blogspot.com,406
troktiko.blogspot.com,1.bp.blogspot.com,406
edita.jp,blog.livedoor.jp,406
feeds.gothamistllc.com,flickr.com,400
ameblo.jp,fashion.blogmura.com,395
g1.globo.com,news.google.com.br,394
mahalo.com,google.com,393
troktiko.blogspot.com,4.bp.blogspot.com,375
sportsnipe.com,nytimes.com,375
digifree.blogspot.com,feedproxy.google.com,374
azstarnet.com,tucson.com,373
mashget.com,reuters.com,368
troktiko.blogspot.com,3.bp.blogspot.com,362
golivewire.com,tinyurl.com,362
physorg.com,digg.com,360
physorg.com,stumbleupon.com,360
physorg.com,facebook.com,360
physorg.com,reddit.com,360
physorg.com,del.icio.us,360
wikieducator.org,groups.google.com,348
treehugger.com,feedproxy.google.com,329
sportsnipe.com,news.bbc.co.uk,321
furry.wikia.com,youtube.com,320
pr-inside.com,digg.com,318
todaystrucking.com,youtube.com,318
pr-inside.com,del.icio.us,316
welt.de,news.google.de,307
stern.de,del.icio.us,293
stern.de,furl.net,293
stern.de,google.com,293
gadgetracker.com,digg.com,288
gadgetracker.com,del.icio.us,288
news.ameba.jp,b.hatena.ne.jp,281
rss.rssad.jp,b.hatena.ne.jp,280
identi.ca,tinyurl.com,271
blogs.myspace.com,myspace.com,263
earthtimes.org,www2.marketwire.com,260
squidoo.com,blog.igooi.com,259
amazon.com,en.wikipedia.org,258
digitalspy.co.uk,en.wikipedia.org,253
digitalspy.co.uk,bbc.co.uk,251
spiegel.de,news.google.de,250
inciclopedia.wikia.com,en.wikipedia.org,248
blog.livedoor.jp,hb.afl.rakuten.co.jp,244
sportsnipe.com,topix.net,243
sportsnipe.com,google.com,240
lafd.blogspot.com,maps.google.com,238
mashget.com,bloomberg.com,227
golpedegato.blogspot.com,blogger.com,223
blog.livedoor.jp,blogmura.com,221
welt.de,bild.de,220
mashget.com,online.wsj.com,217
edition.cnn.com,news.google.com,216
cnn.com,news.google.com,215
digitalspy.co.uk,dailymail.co.uk,215
golivewire.com,facebook.com,214
mahalo.com,sports.espn.go.com,212
i.gizmodo.com,amazon.com,206
mashget.com,news.bbc.co.uk,203
digitalspy.co.uk,news.bbc.co.uk,201
articlesbase.com,squidoo.com,195
sportsnipe.com,guardian.co.uk,192
bloomberg.com,news.google.com,184
megite.com,kotaku.com,181
d.hatena.ne.jp,amazon.co.jp,179
bloomberg.com,topix.net,177
mahalo.com,bbc.co.uk,177
aussie-nintendo.com,blog.wired.com,171
golivewire.com,twitter.com,171
boxxet.com,feedproxy.google.com,170
feeds.gothamistllc.com,myspace.com,170
www2.marketwire.com,marketwire.com,165
ameblo.jp,youtube.com,161
focus.de,ad.doubleclick.net,159
todaystrucking.com,bloomberg.com,159
todaystrucking.com,facebook.com,159
todaystrucking.com,google.com,159
todaystrucking.com,reuters.com,159
conservapedia.com,nytimes.com,159
pheedo.jp,b.hatena.ne.jp,158
amazon.com,nytimes.com,156
sportsnipe.com,boston.com,156
gadgetracker.com,feedproxy.google.com,155
troktiko.blogspot.com,blogger.com,152
mahalo.com,news.bbc.co.uk,151
welt.de,rss.cnn.com,150
welt.de,nytimes.com,150
welt.de,news.bbc.co.uk,150
tucsoncitizen.com,topix.net,149
welt.de,spiegel.de,149
mahalo.com,nytimes.com,148
forums.macrumors.com,youtube.com,146
newslettermail.blogspot.com,blogger.com,145
feeds.gawker.com,gawker.com,142
mahalo.com,creativecommons.org,137
scouty.de,euroadhoc.com,137
scouty.de,newsaktuell.de,137
slickdeals.net,forums.slickdeals.net,136
forum.dvdtalk.com,youtube.com,133
amazon.com,google.com,132
amazon.com,blog.wired.com,132
mashget.com,washingtonpost.com,131
gawker.com,nytimes.com,131
bbc.co.uk,news.bbc.co.uk,129
forums.macrumors.com,news.bbc.co.uk,129
squidoo.com,flickr.com,127
guardian.co.uk,en.wikipedia.org,127
plaza.rakuten.co.jp,youtube.com,124
sportsnipe.com,onlyfans.cstv.com,123
welt.de,feedproxy.google.com,120
guardian.co.uk,youtube.com,117
us.rd.yahoo.com,search.bloomberg.com,117
aussie-nintendo.com,youtube.com,113
digitalspy.co.uk,guardian.co.uk,112
golpedegato.blogspot.com,youtube.com,112
ameblo.jp,news.ameba.jp,110
amazon.com,guardian.co.uk,108
chicagoist.com,flickr.com,108
forums.macrumors.com,en.wikipedia.org,108
forums.macrumors.com,amazon.com,107
earthtimes.org,news.google.com,105
megite.com,blog.wired.com,105
sitepoint.com,digg.com,104
feedproxy.google.com,blogger.com,103
scouty.de,del.icio.us,102
scouty.de,furl.net,101
scouty.de,google.com,101
inciclopedia.wikia.com,uncyclopedia.org,101
mashget.com,guardian.co.uk,99
urbanplanet.org,flickr.com,99
sportsnipe.com,feeds.gawker.com,96
mahalo.com,topix.net,95
rss-nachrichten.de,feedproxy.google.com,95
digifree.blogspot.com,blogger.com,93
globoesporte.globo.com,news.google.com.br,91
mahalo.com,cnn.com,90
inciclopedia.wikia.com,es.wikipedia.org,90
i.gizmodo.com,feeds.gawker.com,90
us.rd.yahoo.com,seekingalpha.com,88
boxxet.com,topix.net,87
wikieducator.org,creativecommons.org,87
kinkaa.de,bild.de,86
forums.macrumors.com,farm4.static.flickr.com,86
boston.com,news.google.com,85
sportsnipe.com,rss.cnn.com,84
blog.wired.com,en.wikipedia.org,83
aussie-nintendo.com,myspace.com,83
wikiality.com,nytimes.com,82
megite.com,reuters.com,82
plaza.rakuten.co.jp,ameblo.jp,82
blogs.myspace.com,amazon.com,81
soccerblogs.net,twitter.com,81
megite.com,news.cnet.com,81
furry.wikia.com,flickr.com,81
ameblo.jp,blog.livedoor.jp,80
www1.folha.uol.com.br,tecnologia.uol.com.br,80
conservapedia.com,amazon.com,80
conservapedia.com,cnn.com,79
soccerblogs.net,1.bp.blogspot.com,79
d.hatena.ne.jp,blogmura.com,78
rss.feedsportal.com,en.wikipedia.org,78
digitalspy.co.uk,flickr.com,78
chicagoist.com,youtube.com,76
mashget.com,cnn.com,75
chicagoist.com,digg.com,75
chicagoist.com,stumbleupon.com,75
chicagoist.com,reddit.com,75
chicagoist.com,facebook.com,75
chicagoist.com,del.icio.us,75
newsdeskhelsinkifinland.net,washingtonpost.com,75
aussie-nintendo.com,news.bbc.co.uk,74
physicsbuzz.physicscentral.com,4.bp.blogspot.com,74
mahalo.com,technorati.com,73
wikiality.com,news.yahoo.com,73
digitalspy.co.uk,farm4.static.flickr.com,73
d.hatena.ne.jp,blog.with2.net,72
mashget.com,telegraph.co.uk,72
seekingalpha.com,bloomberg.com,72
wikieducator.org,en.wikipedia.org,72
forums.macrumors.com,flickr.com,72
feeds.gothamistllc.com,twitter.com,71
rss.feedsportal.com,google.com,71
newslettermail.blogspot.com,twitter.com,71
conservapedia.com,news.yahoo.com,70
forum.brighthand.com,blog.wired.com,69
identi.ca,bbc.co.uk,68
feeds.gothamistllc.com,maps.google.com,68
physicsbuzz.physicscentral.com,2.bp.blogspot.com,68
forum.dvdtalk.com,en.wikipedia.org,67
guardian.co.uk,news.bbc.co.uk,67
pr-inside.com,news.google.com,67
blog.livedoor.jp,fashion.blogmura.com,66
wikiality.com,google.com,66
lostpedia.wikia.com,imdb.com,66
soccerblogs.net,3.bp.blogspot.com,66
sportsnipe.com,news.google.com,66
wikieducator.org,slideshare.net,66
mahalo.com,washingtonpost.com,65
uncyclopedia.wikia.com,youtube.com,65
seekingalpha.com,en.wikipedia.org,65
wikiality.com,washingtonpost.com,64
feeds.gothamistllc.com,en.wikipedia.org,63
newslettermail.blogspot.com,bbc.co.uk,63
rss.rssad.jp,i.gizmodo.com,63
feeds.gothamistllc.com,nytimes.com,63
lostpedia.wikia.com,youtube.com,62
soccerblogs.net,4.bp.blogspot.com,62
digitalspy.co.uk,facebook.com,62
lafd.blogspot.com,2.bp.blogspot.com,61
lafd.blogspot.com,1.bp.blogspot.com,61
lafd.blogspot.com,4.bp.blogspot.com,61
edita.jp,blog.with2.net,60
squidoo.com,google.com,59
lafd.blogspot.com,flickr.com,59
lafd.blogspot.com,youtube.com,59
townhall.com,amazon.com,58
ameblo.jp,plaza.rakuten.co.jp,57
gothamist.com,nytimes.com,57
mahalo.com,guardian.co.uk,56
megite.com,i.gizmodo.com,56
mashget.com,marketwatch.com,55
boston.com,topix.net,54
gawker.com,twitter.com,54
digitalspy.co.uk,imdb.com,54
feedproxy.google.com,bloggar.se,54
rss.feedsportal.com,digg.com,53
forum.dvdtalk.com,myspace.com,53
soccerblogs.net,2.bp.blogspot.com,53
amazon.com,washingtonpost.com,52
amazon.com,online.wsj.com,52
newsdeskhelsinkifinland.net,huffingtonpost.com,52
desciclo.pedia.ws,youtube.com,52
seekingalpha.com,online.wsj.com,51
ameblo.jp,b.hatena.ne.jp,51
forum.dvdtalk.com,news.yahoo.com,51
macobserver.com,en.wikipedia.org,51
megite.com,nytimes.com,50
us.rd.yahoo.com,twitter.com,50
soccerblogs.net,addthis.com,50
rss.feedsportal.com,facebook.com,49
rss.feedsportal.com,del.icio.us,49
urbanplanet.org,en.wikipedia.org,49
groups.google.com,maps.google.com,49
megite.com,gawker.com,48
rss.feedsportal.com,technorati.com,48
laist.com,myspace.com,47
identi.ca,youtube.com,46
huffingtonpost.com,nytimes.com,46
d.hatena.ne.jp,youtube.com,46
mashget.com,edition.cnn.com,45
squidoo.com,twitter.com,45
nothingandall.blogspot.com,blogger.com,44
nothingandall.blogspot.com,haloscan.com,44
ameblo.jp,google.com,44
boxxet.com,google.com,44
megite.com,physorg.com,44
scouty.de,cts.businesswire.com,43
kinkaa.de,spiegel.de,43
us.rd.yahoo.com,cts.businesswire.com,43
treehugger.com,flickr.com,43
azstarnet.com,topix.net,43
edita.jp,hb.afl.rakuten.co.jp,43
sportsnipe.com,washingtonpost.com,42
ameblo.jp,flickr.com,42
blog.livedoor.jp,youtube.com,41
bbc.co.uk,creativecommons.org,41
nytimes.com,news.google.com,41
feeds.gothamistllc.com,youtube.com,41
megite.com,news.bbc.co.uk,41
asahi.com,amazon.co.jp,41
dailymail.co.uk,news.google.com,40
digitalspy.co.uk,twitter.com,40
sportsnipe.com,azstarnet.com,39
feeds.gothamistllc.com,imdb.com,39
megite.com,microsoft.com,39
pr-inside.com,youtube.com,38
rss.feedsportal.com,news.bbc.co.uk,38
identi.ca,digg.com,38
oglobo.globo.com,bbc.co.uk,37
gawker.com,online.wsj.com,37
mahalo.com,reuters.com,37
wikiality.com,youtube.com,37
digitalspy.co.uk,telegraph.co.uk,37
golpedegato.blogspot.com,news.bbc.co.uk,37
gothamist.com,digg.com,37
gothamist.com,stumbleupon.com,37
gothamist.com,reddit.com,37
gothamist.com,facebook.com,37
gothamist.com,del.icio.us,37
mahalo.com,digg.com,36
wikiality.com,reuters.com,36
blog.livedoor.jp,komachi.yomiuri.co.jp,36
rss.cnn.com,edition.cnn.com,36
physicsbuzz.physicscentral.com,washingtonpost.com,36
mahalo.com,boston.com,36
mahalo.com,sports.yahoo.com,35
wikiality.com,cnn.com,35
boxxet.com,us.rd.yahoo.com,35
techdirt.com,nytimes.com,35
feeds.gothamistllc.com,news.bbc.co.uk,35
gothamist.com,flickr.com,35
urbanplanet.org,youtube.com,34
wikiality.com,guardian.co.uk,34
us.rd.yahoo.com,digg.com,34
feeds.gothamistllc.com,boston.com,34
laist.com,flickr.com,34
digitalspy.co.uk,google.com,34
digitalspy.co.uk,marketwatch.com,34
mashget.com,news.yahoo.com,33
kinkaa.de,welt.de,33
mahalo.com,del.icio.us,33
feedproxy.google.com,amazon.com,33
techdirt.com,blog.wired.com,33
soccerblogs.net,technorati.com,33
feedproxy.google.com,technorati.com,33
azstarnet.com,news.google.com,33
kinkaa.de,focus.de,32
ameblo.jp,technorati.com,32
newsdeskhelsinkifinland.net,guardian.co.uk,32
forums.macrumors.com,nytimes.com,32
us.rd.yahoo.com,tucsoncitizen.com,31
topics.edition.cnn.com,edition.cnn.com,31
conservapedia.com,news.bbc.co.uk,31
pr-inside.com,tinyurl.com,30
pheedcontent.com,sitepoint.com,30
rss.feedsportal.com,youtube.com,30
us.rd.yahoo.com,online.wsj.com,30
rss.feedsportal.com,twitter.com,30
news.cnet.com,news.google.com,30
yousaytoo.com,3.bp.blogspot.com,30
hindustantimes.com,topix.net,30
welt.de,del.icio.us,30
welt.de,digg.com,30
welt.de,google.com,30
welt.de,myspace.com,30
welt.de,facebook.com,30
welt.de,stumbleupon.com,30
wikiality.com,news.bbc.co.uk,29
rss.rssad.jp,blog.wired.com,29
mahalo.com,telegraph.co.uk,29
mahalo.com,online.wsj.com,29
identi.ca,twitter.com,29
rss.feedsportal.com,microsoft.com,29
blog.livedoor.jp,ameblo.jp,29
us.rd.yahoo.com,networkworld.com,29
chicagoist.com,en.wikipedia.org,29
urbanplanet.org,maps.google.com,28
squidoo.com,en.wikipedia.org,28
gawker.com,youtube.com,28
informationweek.com,microsoft.com,28
digitalspy.co.uk,news.google.com,28
us.rd.yahoo.com,ameinfo.com,28
inciclopedia.wikia.com,google.com,28
gawker.com,boston.com,28
d.hatena.ne.jp,farm4.static.flickr.com,28
scouty.de,ad.doubleclick.net,27
ameblo.jp,del.icio.us,27
feeds.gothamistllc.com,guardian.co.uk,27
feeds.gothamistllc.com,washingtonpost.com,27
treehugger.com,en.wikipedia.org,27
sportsnipe.com,reuters.com,27
pheedo.jp,komachi.yomiuri.co.jp,26
topics.cnn.com,edition.cnn.com,26
gawker.com,washingtonpost.com,26
soccerblogs.net,flickr.com,26
rss-nachrichten.de,feeds2.feedburner.com,26
rss-nachrichten.de,twitter.com,26
mahalo.com,dailymail.co.uk,25
seekingalpha.com,nytimes.com,25
kotaku.com,youtube.com,25
soccerblogs.net,en.wikipedia.org,25
rss-nachrichten.de,rss.feedsportal.com,25
news.cnet.com,twitter.com,25
yousaytoo.com,4.bp.blogspot.com,25
laist.com,digg.com,25
laist.com,stumbleupon.com,25
laist.com,reddit.com,25
laist.com,facebook.com,25
laist.com,del.icio.us,25
informationweek.com,en.wikipedia.org,25
squidoo.com,feedproxy.google.com,25
yousaytoo.com,feeds2.feedburner.com,25
b.hatena.ne.jp,d.hatena.ne.jp,24
us.rd.yahoo.com,guardian.co.uk,24
ameblo.jp,myspace.com,24
boston.com,youtube.com,24
ameblo.jp,d.hatena.ne.jp,24
edita.jp,amazon.co.jp,24
forum.dvdtalk.com,twitter.com,24
informationweek.com,google.com,24
us.rd.yahoo.com,ad.doubleclick.net,23
forum.dvdtalk.com,microsoft.com,23
rss.rssad.jp,flickr.com,23
i.gizmodo.com,en.wikipedia.org,23
golpedegato.blogspot.com,flickr.com,23
guardian.co.uk,imdb.com,23
marketwatch.com,news.google.com,23
yousaytoo.com,2.bp.blogspot.com,23
feedproxy.google.com,flickr.com,23
sfbay.craigslist.org,amazon.com,23
articlesbase.com,tinyurl.com,23
blog.wired.com,google.com,23
marketwatch.com,online.wsj.com,23
edition.cnn.com,cnn.com,23
soccerblogs.net,news.google.com,23
nothingandall.blogspot.com,addthis.com,22
feeds.gawker.com,i.gizmodo.com,22
forums.macrumors.com,google.com,22
guardian.co.uk,nytimes.com,22
rss.feedsportal.com,myspace.com,22
techdirt.com,en.wikipedia.org,22
news.ameba.jp,ameblo.jp,22
yousaytoo.com,1.bp.blogspot.com,22
gothamist.com,telegraph.co.uk,22
sfbay.craigslist.org,flickr.com,21
rss.rssad.jp,youtube.com,21
forum.dvdtalk.com,google.com,21
pr-inside.com,marketwire.com,21
wikiality.com,en.wikipedia.org,21
boston.com,amazon.com,21
mahalo.com,kotaku.com,21
newsblaze.com,news.google.com,21
soccerblogs.net,guardian.co.uk,21
rss.feedsportal.com,reuters.com,21
boxxet.com,feeds.gawker.com,21
nothingandall.blogspot.com,es.wikipedia.org,21
digitalspy.co.uk,myspace.com,21
furry.wikia.com,myspace.com,20
mahalo.com,bloomberg.com,20
wikiality.com,telegraph.co.uk,20
golivewire.com,flickr.com,20
guardian.co.uk,bbc.co.uk,20
i.gizmodo.com,youtube.com,20
informationweek.com,youtube.com,20
ameblo.jp,asahi.com,19
plaza.rakuten.co.jp,blog.livedoor.jp,19
boxxet.com,huffingtonpost.com,19
i.gizmodo.com,flickr.com,19
mahalo.com,myspace.com,19
ameblo.jp,digg.com,19
hindustantimes.com,youtube.com,19
soccerblogs.net,news.bbc.co.uk,19
forum.dvdtalk.com,kotaku.com,19
uncyclopedia.wikia.com,tinyurl.com,19
treehugger.com,nytimes.com,19
conservapedia.com,online.wsj.com,18
us.rd.yahoo.com,en.wikipedia.org,18
wikiality.com,bloomberg.com,18
wikiality.com,online.wsj.com,18
mashget.com,boston.com,18
mahalo.com,huffingtonpost.com,18
i.gizmodo.com,twitter.com,18
pr-inside.com,twitter.com,18
feeds.gothamistllc.com,google.com,18
huffingtonpost.com,online.wsj.com,18
soccerblogs.net,digg.com,18
soccerblogs.net,del.icio.us,18
soccerblogs.net,myweb2.search.yahoo.com,18
topics.cnn.com,cnn.com,18
huffingtonpost.com,en.wikipedia.org,18
newsdeskhelsinkifinland.net,dailymail.co.uk,18
gawker.com,google.com,18
boston.com,washingtonpost.com,18
rss.cnn.com,cnn.com,18
laist.com,imdb.com,18
ameblo.jp,tinyurl.com,18
urbanplanet.org,news.yahoo.com,17
spiegel.de,welt.de,17
ameblo.jp,itmedia.co.jp,17
soccerblogs.net,youtube.com,17
us.rd.yahoo.com,sports.espn.go.com,17
megite.com,huffingtonpost.com,17
forum.dvdtalk.com,flickr.com,17
boston.com,tinyurl.com,16
kinkaa.de,presseportal.de,16
wikiality.com,search.twitter.com,16
guardian.co.uk,telegraph.co.uk,16
feedproxy.google.com,twitter.com,16
feeds.gothamistllc.com,sports.espn.go.com,16
furry.wikia.com,twitter.com,16
guardian.co.uk,twitter.com,16
seekingalpha.com,amazon.com,16
forum.dvdtalk.com,sports.espn.go.com,16
soccerblogs.net,stumbleupon.com,16
soccerblogs.net,reddit.com,16
soccerblogs.net,furl.net,16
blick.ch,youtube.com,16
feedproxy.google.com,en.wikipedia.org,16
gawker.com,flickr.com,16
forums.macrumors.com,1.bp.blogspot.com,16
i.gizmodo.com,news.bbc.co.uk,16
gawker.com,dailymail.co.uk,16
kotaku.com,en.wikipedia.org,16
rss.feedsportal.com,guardian.co.uk,16
squidoo.com,tinyurl.com,16
wikieducator.org,cnn.com,16
gawker.com,news.cnet.com,16
informationweek.com,twitter.com,16
digitalspy.co.uk,edition.cnn.com,16
feedproxy.google.com,3.bp.blogspot.com,15
megite.com,cnn.com,15
huffingtonpost.com,amazon.com,15
squidoo.com,guardian.co.uk,15
bloomberg.com,google.com,15
feedproxy.google.com,2.bp.blogspot.com,15
cnn.com,google.com,15
earthtimes.org,youtube.com,15
seekingalpha.com,reuters.com,15
focus.de,adobe.com,15
scouty.de,stern.de,15
us.rd.yahoo.com,addthis.com,15
feeds.gothamistllc.com,amazon.com,15
rss.feedsportal.com,nytimes.com,15
nothingandall.blogspot.com,imdb.com,15
seattle.craigslist.org,amazon.com,15
identi.ca,feedproxy.google.com,15
conservapedia.com,en.wikipedia.org,15
newsdeskhelsinkifinland.net,telegraph.co.uk,15
d.hatena.ne.jp,twitter.com,15
forum.dvdtalk.com,maps.google.com,15
mahalo.com,blog.wired.com,14
wikiality.com,edition.cnn.com,14
rss.rssad.jp,twitter.com,14
boston.com,nytimes.com,14
marketwire.com,youtube.com,14
megite.com,sitepoint.com,14
rss.feedsportal.com,edition.cnn.com,14
pheedcontent.com,nytimes.com,14
megite.com,techdirt.com,14
scouty.de,welt.de,14
megite.com,google.com,14
boston.com,myspace.com,14
digitalspy.co.uk,amazon.com,14
digitalspy.co.uk,1.bp.blogspot.com,14
megite.com,guardian.co.uk,14
us.rd.yahoo.com,youtube.com,13
conservapedia.com,townhall.com,13
mahalo.com,tinyurl.com,13
d.hatena.ne.jp,flickr.com,13
golivewire.com,google.com,13
seekingalpha.com,guardian.co.uk,13
rss.feedsportal.com,dailymail.co.uk,13
informationweek.com,online.wsj.com,13
bbc.co.uk,twitter.com,13
golpedegato.blogspot.com,google.com,13
huffingtonpost.com,washingtonpost.com,13
us.rd.yahoo.com,hindustantimes.com,13
gawker.com,reuters.com,13
rss.feedsportal.com,adobe.com,13
i.gizmodo.com,kotaku.com,13
techdirt.com,news.bbc.co.uk,13
forum.dvdtalk.com,reuters.com,13
mahalo.com,edition.cnn.com,13
scouty.de,digg.com,13
techdirt.com,twitter.com,13
boxxet.com,pr-inside.com,12
sportsnipe.com,cbssports.com,12
pheedo.jp,youtube.com,12
urbanplanet.org,google.com,12
forums.macrumors.com,cnn.com,12
online.wsj.com,news.google.com,12
huffingtonpost.com,google.com,12
etoile-blog.com,etoileblog.com,12
guardian.co.uk,news.google.com,12
kotaku.com,flickr.com,12
d.hatena.ne.jp,asahi.com,12
us.rd.yahoo.com,nytimes.com,12
rss.marketing-etudiant.fr,twitter.com,12
feeds.gothamistllc.com,telegraph.co.uk,12
golpedegato.blogspot.com,guardian.co.uk,12
golpedegato.blogspot.com,dailymail.co.uk,12
golpedegato.blogspot.com,telegraph.co.uk,12
rss.rssad.jp,d.hatena.ne.jp,12
seekingalpha.com,youtube.com,12
g1.globo.com,twitter.com,12
feeds.gothamistllc.com,online.wsj.com,12
gawker.com,edition.cnn.com,12
yousaytoo.com,twitter.com,12
sportsnipe.com,online.wsj.com,12
urbanplanet.org,nytimes.com,12
informationweek.com,reuters.com,12
forums.macrumors.com,guardian.co.uk,12
scouty.de,technorati.com,12
news.ameba.jp,amazon.co.jp,12
forums.macrumors.com,rapidshare.com,12
megite.com,washingtonpost.com,12
news.cnet.com,microsoft.com,11
wikiality.com,dailymail.co.uk,11
marketwire.com,en.wikipedia.org,11
kotaku.com,blog.livedoor.jp,11
bbc.co.uk,en.wikipedia.org,11
forums.macrumors.com,microsoft.com,11
identi.ca,news.bbc.co.uk,11
i.gizmodo.com,news.cnet.com,11
escapegames24.com,2.bp.blogspot.com,11
treehugger.com,reuters.com,11
losangeles.craigslist.org,amazon.com,11
golivewire.com,news.bbc.co.uk,11
inciclopedia.wikia.com,myspace.com,11
mahalo.com,twitter.com,11
feeds.gawker.com,youtube.com,11
pheedcontent.com,twitter.com,11
megite.com,online.wsj.com,11
edita.jp,youtube.com,11
torrentportal.com,imdb.com,11
news.bbc.co.uk,bbc.co.uk,11
g1.globo.com,globoesporte.globo.com,11
feeds.gothamistllc.com,blog.wired.com,11
seekingalpha.com,washingtonpost.com,11
edition.cnn.com,google.com,11
plaza.rakuten.co.jp,en.wikipedia.org,11
urbanplanet.org,marketwatch.com,11
news.ameba.jp,flickr.com,10
squidoo.com,technorati.com,10
mahalo.com,gothamist.com,10
rss.rssad.jp,en.wikipedia.org,10
wikiality.com,azstarnet.com,10
wikiality.com,blog.wired.com,10
sandiego.craigslist.org,myspace.com,10
pheedo.jp,itmedia.co.jp,10
rss.rssad.jp,microsoft.com,10
forum.dvdtalk.com,nytimes.com,10
washingtonpost.com,del.icio.us,10
treehugger.com,guardian.co.uk,10
marketwire.com,twitter.com,10
golivewire.com,en.wikipedia.org,10
soccerblogs.net,telegraph.co.uk,10
blog.livedoor.jp,b.hatena.ne.jp,10
techdirt.com,news.cnet.com,10
gawker.com,guardian.co.uk,10
blog.wired.com,amazon.com,10
pheedcontent.com,macobserver.com,10
megite.com,telegraph.co.uk,10
yousaytoo.com,google.com,10
articlesbase.com,myspace.com,10
identi.ca,flickr.com,10
boxxet.com,nytimes.com,10
newsdeskhelsinkifinland.net,earthtimes.org,10
huffingtonpost.com,youtube.com,10
feeds.gawker.com,dailymail.co.uk,10
forum.dvdtalk.com,boston.com,10
networkworld.com,twitter.com,10
gothamist.com,sports.yahoo.com,10
digitalspy.co.uk,microsoft.com,10
earthtimes.org,topix.net,10
topics.edition.cnn.com,cnn.com,10
plaza.rakuten.co.jp,amazon.co.jp,10
digitalspy.co.uk,lostpedia.wikia.com,10
techdirt.com,online.wsj.com,9
prolifeblogs.com,1.bp.blogspot.com,9
forum.dvdtalk.com,washingtonpost.com,9
wikiality.com,boston.com,9
boston.craigslist.org,amazon.com,9
mahalo.com,news.cnet.com,9
rss.feedsportal.com,online.wsj.com,9
rss.feedsportal.com,telegraph.co.uk,9
ameblo.jp,image.blog.livedoor.jp,9
us.rd.yahoo.com,earthtimes.org,9
golpedegato.blogspot.com,bbc.co.uk,9
d.hatena.ne.jp,fashion.blogmura.com,9
treehugger.com,news.bbc.co.uk,9
kotaku.com,image.blog.livedoor.jp,9
huffingtonpost.com,twitter.com,9
scouty.de,en.wikipedia.org,9
feeds.gothamistllc.com,gawker.com,9
feeds.gawker.com,flickr.com,9
neighbors.denverpost.com,en.wikipedia.org,9
news.cnet.com,en.wikipedia.org,9
identi.ca,en.wikipedia.org,9
feeds.gothamistllc.com,dailymail.co.uk,9
sportsnipe.com,bloomberg.com,9
forums.macrumors.com,informationweek.com,9
kinkaa.com,guardian.co.uk,9
pheedcontent.com,youtube.com,9
yousaytoo.com,del.icio.us,9
yousaytoo.com,digg.com,9
yousaytoo.com,furl.net,9
yousaytoo.com,stumbleupon.com,9
yousaytoo.com,technorati.com,9
yousaytoo.com,myweb2.search.yahoo.com,9
yousaytoo.com,myspace.com,9
chicagoist.com,myspace.com,9
newsdeskhelsinkifinland.net,bloomberg.com,9
feeds.gawker.com,nytimes.com,9
us.rd.yahoo.com,marketwatch.com,9
forums.macrumors.com,myspace.com,9
techdirt.com,informationweek.com,9
digitalspy.co.uk,amazon.co.jp,9
townhall.com,nytimes.com,9
edita.jp,twitter.com,9
townhall.com,washingtonpost.com,9
bbc.co.uk,es.wikipedia.org,9
news.cnet.com,online.wsj.com,8
prolifeblogs.com,3.bp.blogspot.com,8
www2.lavoz.com.ar,es.wikipedia.org,8
us.rd.yahoo.com,topics.cnn.com,8
cnn.com,news.cnet.com,8
identi.ca,del.icio.us,8
seekingalpha.com,marketwatch.com,8
losangeles.craigslist.org,youtube.com,8
earthtimes.org,prnewswire.com,8
forums.macrumors.com,marketwatch.com,8
forums.macrumors.com,i.gizmodo.com,8
blog.livedoor.jp,asahi.com,8
seroundtable.com,google.com,8
www2.marketwire.com,youtube.com,8
feeds.gothamistllc.com,sports.yahoo.com,8
tinyurl.com,amazon.com,8
forum.dvdtalk.com,cnn.com,8
feeds.gothamistllc.com,reuters.com,8
feeds.gothamistllc.com,bloomberg.com,8
rss.feedsportal.com,news.cnet.com,8
newsdeskhelsinkifinland.net,google.com,8
blog.wired.com,news.bbc.co.uk,8
telegraph.co.uk,twitter.com,8
chicagoist.com,amazon.com,8
pheedcontent.com,online.wsj.com,8
soccerblogs.net,google.com,8
huffingtonpost.com,bloomberg.com,8
huffingtonpost.com,news.google.com,8
forum.dvdtalk.com,blog.wired.com,8
golpedegato.blogspot.com,feedproxy.google.com,8
huffingtonpost.com,news.yahoo.com,8
feeds.gawker.com,news.bbc.co.uk,8
sandiego.craigslist.org,youtube.com,8
g1.globo.com,myspace.com,8
ameblo.jp,en.wikipedia.org,8
newsdeskhelsinkifinland.net,online.wsj.com,8
networkworld.com,en.wikipedia.org,8
informationweek.com,blog.wired.com,8
informationweek.com,nytimes.com,8
informationweek.com,news.yahoo.com,8
seekingalpha.com,google.com,8
tucsoncitizen.com,youtube.com,8
golivewire.com,imdb.com,8
kinkaa.de,microsoft.com,8
washingtonpost.com,online.wsj.com,8
blog.wired.com,imdb.com,8
digitalspy.co.uk,washingtonpost.com,8
digitalspy.co.uk,nytimes.com,8
digitalspy.co.uk,spiegel.de,8
boston.com,telegraph.co.uk,8
mahalo.com,farm4.static.flickr.com,8
digitalspy.co.uk,2.bp.blogspot.com,8
squidoo.com,del.icio.us,7
escapegames24.com,4.bp.blogspot.com,7
rss.rssad.jp,blog.livedoor.jp,7
huffingtonpost.com,guardian.co.uk,7
forums.macrumors.com,tinyurl.com,7
soccerblogs.net,dailymail.co.uk,7
golpedegato.blogspot.com,nytimes.com,7
pheedcontent.com,bloomberg.com,7
us.rd.yahoo.com,blog.wired.com,7
boxxet.com,gawker.com,7
miami.craigslist.org,youtube.com,7
feedproxy.google.com,1.bp.blogspot.com,7
huffingtonpost.com,news.bbc.co.uk,7
news.cnet.com,guardian.co.uk,7
marketwatch.com,google.com,7
rss.feedsportal.com,search.twitter.com,7
us.rd.yahoo.com,del.icio.us,7
gawker.com,huffingtonpost.com,7
gawker.com,ad.doubleclick.net,7
twitter.com,tinyurl.com,7
newsdeskhelsinkifinland.net,boston.com,7
feedproxy.google.com,4.bp.blogspot.com,7
i.gizmodo.com,physorg.com,7
mahalo.com,marketwatch.com,7
blogs.myspace.com,en.wikipedia.org,7
pheedo.jp,dailymail.co.uk,7
gothamist.com,en.wikipedia.org,7
feedproxy.google.com,haloscan.com,7
feeds.gawker.com,twitter.com,7
lostpedia.wikia.com,nytimes.com,7
marketwatch.com,topix.net,7
physicsbuzz.physicscentral.com,3.bp.blogspot.com,7
tucsoncitizen.com,tinyurl.com,7
forum.dvdtalk.com,sports.yahoo.com,7
golivewire.com,news.yahoo.com,7
feeds.digg.com,en.wikipedia.org,7
techdirt.com,marketwatch.com,7
gothamist.com,news.bbc.co.uk,7
techdirt.com,guardian.co.uk,7
mahalo.com,seekingalpha.com,7
gawker.com,facebook.com,7
blog.livedoor.jp,tsushima.2ch.net,7
conservapedia.com,youtube.com,6
conservapedia.com,google.com,6
prolifeblogs.com,en.wikipedia.org,6
mashget.com,sports.espn.go.com,6
earthtimes.org,en.wikipedia.org,6
sandiego.craigslist.org,amazon.com,6
emediawire.com,youtube.com,6
seekingalpha.com,news.yahoo.com,6
identi.ca,google.com,6
newyork.craigslist.org,amazon.com,6
d.hatena.ne.jp,blog.livedoor.jp,6
rss.marketing-etudiant.fr,search.twitter.com,6
golpedegato.blogspot.com,online.wsj.com,6
us.rd.yahoo.com,boston.com,6
rss.feedsportal.com,spiegel.de,6
www2.marketwire.com,twitter.com,6
rss.feedsportal.com,news.yahoo.com,6
cnn.com,craigslist.org,6
boston.craigslist.org,youtube.com,6
huffingtonpost.com,reuters.com,6
us.rd.yahoo.com,reddit.com,6
us.rd.yahoo.com,facebook.com,6
washingtondc.craigslist.org,maps.google.com,6
es.lostpedia.wikia.com,es.wikipedia.org,6
uncyclopedia.wikia.com,imdb.com,6
mahalo.com,cbssports.com,6
sandiego.craigslist.org,en.wikipedia.org,6
soccerblogs.net,sports.yahoo.com,6
boxxet.com,youtube.com,6
feeds.gawker.com,en.wikipedia.org,6
yousaytoo.com,feedproxy.google.com,6
feedproxy.google.com,youtube.com,6
blog.livedoor.jp,plaza.rakuten.co.jp,6
chicago.craigslist.org,amazon.com,6
us.rd.yahoo.com,allafrica.com,6
sfbay.craigslist.org,maps.google.com,6
guardian.co.uk,dailymail.co.uk,6
physicsbuzz.physicscentral.com,news.bbc.co.uk,6
feeds.gawker.com,online.wsj.com,6
feeds.gawker.com,news.cnet.com,6
boston.com,flickr.com,6
urbanplanet.org,boston.com,6
news.cnet.com,amazon.com,6
gawker.com,bloomberg.com,6
informationweek.com,telegraph.co.uk,6
informationweek.com,search.twitter.com,6
informationweek.com,news.cnet.com,6
kinkaa.de,maerkischeallgemeine.de,6
us.rd.yahoo.com,amazon.com,6
gothamist.com,online.wsj.com,6
forums.hardwarezone.com,dailymail.co.uk,6
newsblaze.com,amazon.com,6
townhall.com,lifenews.com,6
sportsnipe.com,prnewswire.com,6
articlesbase.com,amazon.com,6
cnn.com,amazon.com,6
sportsnipe.com,bbc.co.uk,6
digitalspy.co.uk,boston.com,6
sportsnipe.com,tucsoncitizen.com,6
forums.slickdeals.net,farm4.static.flickr.com,6
sportsnipe.com,huffingtonpost.com,6
us.rd.yahoo.com,laist.com,6
scouty.de,news.cnet.com,5
rss.rssad.jp,myspace.com,5
kinkaa.de,rp-online.de,5
sports.espn.go.com,nytimes.com,5
pr-inside.com,nytimes.com,5
miami.craigslist.org,amazon.com,5
itmedia.co.jp,b.hatena.ne.jp,5
inciclopedia.wikia.com,news.bbc.co.uk,5
scouty.de,online.wsj.com,5
feeds.gawker.com,blog.livedoor.jp,5
identi.ca,guardian.co.uk,5
golpedegato.blogspot.com,es.wikipedia.org,5
golpedegato.blogspot.com,boston.com,5
emediawire.com,amazon.com,5
pheedcontent.com,google.com,5
huffingtonpost.com,cnn.com,5
chicagoist.com,sports.espn.go.com,5
feedproxy.google.com,stumbleupon.com,5
feedproxy.google.com,digg.com,5
marketwire.com,www2.marketwire.com,5
conservapedia.com,guardian.co.uk,5
us.rd.yahoo.com,stumbleupon.com,5
pheedcontent.com,news.cnet.com,5
blog.wired.com,reuters.com,5
uncyclopedia.wikia.com,conservapedia.com,5
i.gizmodo.com,ad.doubleclick.net,5
mahalo.com,informationweek.com,5
earthtimes.org,tinyurl.com,5
feeds.gothamistllc.com,cnn.com,5
prolifeblogs.com,flickr.com,5
blog.wired.com,online.wsj.com,5
scouty.de,spiegel.de,5
techdirt.com,google.com,5
kinkaa.de,stern.de,5
blog.wired.com,nytimes.com,5
mahalo.com,treehugger.com,5
blog.wired.com,twitter.com,5
nothingandall.blogspot.com,1.bp.blogspot.com,5
pheedo.jp,twitter.com,5
pr-inside.com,myspace.com,5
seattle.craigslist.org,flickr.com,5
earthtimes.org,marketwire.com,5
yousaytoo.com,imdb.com,5
us.rd.yahoo.com,tucson.com,5
soccerblogs.net,facebook.com,5
d.hatena.ne.jp,itmedia.co.jp,5
cnn.com,topix.net,5
guardian.co.uk,online.wsj.com,5
identi.ca,tellafriend.socialtwist.com,5
treehugger.com,huffingtonpost.com,5
twitter.com,search.twitter.com,5
kotaku.com,imdb.com,5
feeds.gawker.com,guardian.co.uk,5
gawker.com,en.wikipedia.org,5
pheedcontent.com,en.wikipedia.org,5
feedproxy.google.com,nytimes.com,5
newsblaze.com,youtube.com,5
allafrica.com,news.google.com,5
soccerblogs.net,washingtonpost.com,5
uncyclopedia.wikia.com,creativecommons.org,5
forums.macrumors.com,twitter.com,5
mahalo.com,sfbay.craigslist.org,5
us.rd.yahoo.com,azstarnet.com,5
techdirt.com,boston.com,5
physorg.com,news.google.com,5
gothamist.com,gawker.com,5
techdirt.com,reuters.com,5
escapegames24.com,1.bp.blogspot.com,5
feeds.gothamistllc.com,msplinks.com,5
news.ameba.jp,i.gizmodo.com,5
us.rd.yahoo.com,physorg.com,5
laist.com,maps.google.com,5
gothamist.com,youtube.com,5
furry.wikia.com,creativecommons.org,5
feedproxy.google.com,google.com,5
reddit.com,en.wikipedia.org,5
news.cnet.com,youtube.com,5
forum.dvdtalk.com,news.bbc.co.uk,5
newsblaze.com,en.wikipedia.org,5
conservapedia.com,3.bp.blogspot.com,4
feeds.gawker.com,washingtonpost.com,4
us.rd.yahoo.com,reuters.com,4
us.rd.yahoo.com,news.bbc.co.uk,4
identi.ca,feeds.digg.com,4
chicagoist.com,nytimes.com,4
kotaku.com,telegraph.co.uk,4
sports.espn.go.com,youtube.com,4
prolifeblogs.com,youtube.com,4
pr-inside.com,feeds.feedburner.com,4
troktiko.blogspot.com,blogs.sync.gr,4
guardian.co.uk,reuters.com,4
identi.ca,groups.google.com,4
mahalo.com,facebook.com,4
prnewswire.com,youtube.com,4
identi.ca,reddit.com,4
seekingalpha.com,huffingtonpost.com,4
boxxet.com,twitter.com,4
bloomberg.com,maps.google.com,4
prolifeblogs.com,nytimes.com,4
us.rd.yahoo.com,bloomberg.com,4
stern.de,adobe.com,4
scouty.de,microsoft.com,4
blog.livedoor.jp,itmedia.co.jp,4
golpedegato.blogspot.com,huffingtonpost.com,4
marketwire.com,flickr.com,4
g1.globo.com,youtube.com,4
plaza.rakuten.co.jp,asahi.com,4
feedproxy.google.com,del.icio.us,4
feedproxy.google.com,reddit.com,4
feedproxy.google.com,myweb2.search.yahoo.com,4
blog.wired.com,guardian.co.uk,4
blog.wired.com,telegraph.co.uk,4
seekingalpha.com,telegraph.co.uk,4
conservapedia.com,washingtonpost.com,4
seekingalpha.com,news.bbc.co.uk,4
seekingalpha.com,cnn.com,4
gawker.com,feeds.gawker.com,4
us.rd.yahoo.com,telegraph.co.uk,4
golivewire.com,cnn.com,4
golivewire.com,guardian.co.uk,4
d.hatena.ne.jp,ameblo.jp,4
golpedegato.blogspot.com,blogalaxia.com,4
pheedcontent.com,reuters.com,4
blog.wired.com,cnn.com,4
boxxet.com,blog.wired.com,4
earthtimes.org,nytimes.com,4
bbc.co.uk,adobe.com,4
kinkaa.com,bbc.co.uk,4
tucsoncitizen.com,amazon.com,4
mahalo.com,prnewswire.com,4
mahalo.com,gawker.com,4
soccerblogs.net,feeds.feedburner.com,4
mahalo.com,craigslist.org,4
blog.livedoor.jp,d.hatena.ne.jp,4
washingtonpost.com,nytimes.com,4
conservapedia.com,huffingtonpost.com,4
pr-inside.com,huffingtonpost.com,4
yousaytoo.com,youtube.com,4
news.ameba.jp,boston.com,4
mahalo.com,2.bp.blogspot.com,4
seekingalpha.com,feedproxy.google.com,4
guardian.co.uk,google.com,4
scouty.de,twitter.com,4
reuters.com,news.google.com,4
us.rd.yahoo.com,tucson.metromix.com,4
boxxet.com,dailymail.co.uk,4
kotaku.com,twitter.com,4
pheedo.jp,d.hatena.ne.jp,4
pr-inside.com,washingtonpost.com,4
prolifeblogs.com,4.bp.blogspot.com,4
washingtonpost.com,youtube.com,4
slideshare.net,blog.igooi.com,4
guardian.co.uk,flickr.com,4
guardian.co.uk,news.yahoo.com,4
treehugger.com,youtube.com,4
guardian.co.uk,huffingtonpost.com,4
d.hatena.ne.jp,plaza.rakuten.co.jp,4
gawker.com,amazon.com,4
uncyclopedia.wikia.com,boston.com,4
informationweek.com,cnn.com,4
informationweek.com,dailymail.co.uk,4
informationweek.com,seekingalpha.com,4
forum.dvdtalk.com,cbssports.com,4
kotaku.com,i.gizmodo.com,4
identi.ca,news.cnet.com,4
forums.afterdawn.com,youtube.com,4
prolifeblogs.com,2.bp.blogspot.com,4
plaza.rakuten.co.jp,news.google.com,4
soccerblogs.net,es.wikipedia.org,4
digitalspy.co.uk,huffingtonpost.com,4
soccerblogs.net,boston.com,4
gothamist.com,twitter.com,4
gothamist.com,chicagoist.com,4
gothamist.com,bloomberg.com,4
feeds.feedburner.com,microsoft.com,4
digitalspy.co.uk,bloomberg.com,4
squidoo.com,nytimes.com,4
guardian.co.uk,washingtonpost.com,4
emediawire.com,twitter.com,4
huffingtonpost.com,telegraph.co.uk,4
scouty.de,youtube.com,4
prnewswire.com,bloomberg.com,4
yousaytoo.com,en.wikipedia.org,4
i.gizmodo.com,nytimes.com,4
yousaytoo.com,news.bbc.co.uk,4
blog.ponoko.com,en.wikipedia.org,4
plaza.rakuten.co.jp,image.blog.livedoor.jp,4
boston.com,twitter.com,4
focus.de,twitter.com,4
bbc.co.uk,youtube.com,4
digg.com,en.wikipedia.org,4
feeds.gawker.com,amazon.com,4
rss.feedsportal.com,cnn.com,4
digitalspy.co.uk,news.yahoo.com,4
blog.livedoor.jp,microsoft.com,4
urbanplanet.org,3.bp.blogspot.com,4
urbanplanet.org,1.bp.blogspot.com,4
pheedo.jp,en.wikipedia.org,4
tucsoncitizen.com,cbssports.com,4
mahalo.com,spiegel.de,4
urbanplanet.org,online.wsj.com,4
rss.rssad.jp,google.com,4
prnewswire.com,facebook.com,4
townhall.com,cnn.com,4
feedproxy.google.com,creativecommons.org,3
golivewire.com,microsoft.com,3
techchuck.com,online.wsj.com,3
news.ameba.jp,komachi.yomiuri.co.jp,3
wikieducator.org,amazon.com,3
kinkaa.de,google.com,3
furry.wikia.com,groups.google.com,3
furry.wikia.com,facebook.com,3
sportsnipe.com,cnn.com,3
townhall.com,tinyurl.com,3
washingtonpost.com,facebook.com,3
networkworld.com,youtube.com,3
www2.marketwire.com,en.wikipedia.org,3
feedproxy.google.com,addthis.com,3
topics.cnn.com,news.cnet.com,3
scouty.de,reuters.com,3
telegraph.co.uk,topix.net,3
edition.cnn.com,news.cnet.com,3
us.rd.yahoo.com,google.com,3
boxxet.com,feeds.gothamistllc.com,3
feedproxy.google.com,feeds.feedburner.com,3
kotaku.com,amazon.com,3
rss.feedsportal.com,blog.wired.com,3
boston.craigslist.org,microsoft.com,3
treehugger.com,dailymail.co.uk,3
blog.livedoor.jp,flickr.com,3
golpedegato.blogspot.com,edition.cnn.com,3
marketwire.com,tinyurl.com,3
reuters.com,tinyurl.com,3
soccerblogs.net,nytimes.com,3
articlesbase.com,youtube.com,3
i.gizmodo.com,blog.wired.com,3
marketwatch.com,nytimes.com,3
us.rd.yahoo.com,indeed.com,3
washingtonpost.com,microsoft.com,3
earthtimes.org,feeds.feedburner.com,3
earthtimes.org,amazon.com,3
newsblaze.com,tinyurl.com,3
uncyclopedia.wikia.com,myspace.com,3
us.rd.yahoo.com,microsoft.com,3
blog.livedoor.jp,anchorage.2ch.net,3
newsblaze.com,twitter.com,3
us.rd.yahoo.com,chicagoist.com,3
cnn.com,microsoft.com,3
us.rd.yahoo.com,washingtonpost.com,3
megite.com,bbc.co.uk,3
blog.wired.com,digg.com,3
earthtimes.org,microsoft.com,3
i.gizmodo.com,reddit.com,3
us.rd.yahoo.com,cnn.com,3
sportsnipe.com,earthtimes.org,3
kinkaa.com,suite101.com,3
scouty.de,bloomberg.com,3
feedproxy.google.com,adobe.com,3
pheedo.jp,telegraph.co.uk,3
gawker.com,imdb.com,3
blogs.myspace.com,imdb.com,3
kinkaa.com,myspace.com,3
mahalo.com,microsoft.com,3
boston.com,en.wikipedia.org,3
identi.ca,myspace.com,3
wikieducator.org,youtube.com,3
allafrica.com,fr.allafrica.com,3
treehugger.com,twitter.com,3
guardian.co.uk,bild.de,3
mahalo.com,digitalspy.co.uk,3
us.rd.yahoo.com,flickr.com,3
kotaku.com,google.com,3
networkworld.com,microsoft.com,3
networkworld.com,news.cnet.com,3
boston.com,guardian.co.uk,3
escapegames24.com,3.bp.blogspot.com,3
prnewswire.com,tinyurl.com,3
dailymail.co.uk,youtube.com,3
digitalspy.co.uk,search.twitter.com,3
forum.dvdtalk.com,lostpedia.wikia.com,3
bbc.co.uk,flickr.com,3
lostpedia.wikia.com,maps.google.com,3
kotaku.com,nytimes.com,3
feeds.digg.com,digg.com,3
feedproxy.google.com,blogalaxia.com,3
feeds.digg.com,flickr.com,3
kotaku.com,farm4.static.flickr.com,3
nothingandall.blogspot.com,4.bp.blogspot.com,3
rss.rssad.jp,ameblo.jp,3
news.cnet.com,nytimes.com,3
polizeipresse.de,presseportal.de,3
techdirt.com,youtube.com,3
gothamist.com,dailymail.co.uk,3
gothamist.com,reuters.com,3
quote.bloomberg.com,en.wikipedia.org,3
bloomberg.com,en.wikipedia.org,3
pr-inside.com,news.google.de,3
washingtondc.craigslist.org,washingtonpost.com,3
quote.bloomberg.com,search.twitter.com,3
twitter.com,digg.com,3
techdirt.com,washingtonpost.com,3
us.rd.yahoo.com,dailymail.co.uk,3
emediawire.com,facebook.com,3
emediawire.com,microsoft.com,3
networkworld.com,facebook.com,3
sportsnipe.com,blog.wired.com,3
blog.wired.com,flickr.com,3
prolifeblogs.com,washingtonpost.com,3
i.gizmodo.com,digg.com,3
uncyclopedia.wikia.com,facebook.com,3
conservapedia.com,bloomberg.com,3
etoileblog.com,youtube.com,3
etoile-blog.com,youtube.com,3
urbanplanet.org,facebook.com,3
i.gizmodo.com,google.com,3
us.rd.yahoo.com,myspace.com,3
pr-inside.com,topix.net,3
chicago.craigslist.org,maps.google.com,3
hindustantimes.com,news.google.com,3
i.gizmodo.com,online.wsj.com,3
sfbay.craigslist.org,google.com,3
treehugger.com,washingtonpost.com,3
pheedo.jp,nytimes.com,3
urbanplanet.org,imdb.com,3
sportsnipe.com,sports.yahoo.com,3
plaza.rakuten.co.jp,flickr.com,3
feeds.gawker.com,boston.com,3
rss.feedsportal.com,huffingtonpost.com,3
chicagoist.com,gothamist.com,3
sportsnipe.com,news.cnet.com,3
edita.jp,plaza.rakuten.co.jp,3
forum.dvdtalk.com,forums.macrumors.com,3
sandiego.craigslist.org,google.com,3
pr-inside.com,facebook.com,3
sportsnipe.com,marketwire.com,3
informationweek.com,i.gizmodo.com,3
kotaku.com,marketwatch.com,3
plaza.rakuten.co.jp,news.nifty.com,2
feedproxy.google.com,myspace.com,2
feedproxy.google.com,facebook.com,2
squidoo.com,myspace.com,2
tinyurl.com,us.rd.yahoo.com,2
tinyurl.com,search.bloomberg.com,2
mahalo.com,networkworld.com,2
chicagoist.com,twitter.com,2
chicagoist.com,online.wsj.com,2
www2.lavoz.com.ar,bbc.co.uk,2
uncyclopedia.wikia.com,groups.google.com,2
pheedo.jp,amazon.co.jp,2
kinkaa.de,en.wikipedia.org,2
pr-inside.com,en.wikipedia.org,2
bloomberg.com,sports.espn.go.com,2
marketwire.com,feeds.feedburner.com,2
forums.macrumors.com,news.yahoo.com,2
itmedia.co.jp,youtube.com,2
boston.com,craigslist.org,2
plaza.rakuten.co.jp,myspace.com,2
boston.craigslist.org,flickr.com,2
mahalo.com,laist.com,2
mahalo.com,wikiality.com,2
seekingalpha.com,imdb.com,2
kinkaa.com,amazon.com,2
pheedo.jp,ameblo.jp,2
rss.cnn.com,news.cnet.com,2
newslettermail.blogspot.com,ad.doubleclick.net,2
quote.bloomberg.com,nytimes.com,2
identi.ca,telegraph.co.uk,2
golpedegato.blogspot.com,news.cnet.com,2
amazon.com,cnn.com,2
pr-inside.com,google.com,2
g1.globo.com,google.com,2
treehugger.com,news.yahoo.com,2
mashget.com,nytimes.com,2
newsblaze.com,bloomberg.com,2
feeds.gothamistllc.com,creativecommons.org,2
us.rd.yahoo.com,adobe.com,2
www2.marketwire.com,flickr.com,2
boston.com,imdb.com,2
guardian.co.uk,sports.espn.go.com,2
earthtimes.org,flickr.com,2
feeds.gawker.com,image.blog.livedoor.jp,2
scouty.de,guardian.co.uk,2
huffingtonpost.com,blog.wired.com,2
huffingtonpost.com,boston.com,2
sports.espn.go.com,amazon.com,2
techdirt.com,news.yahoo.com,2
telegraph.co.uk,youtube.com,2
macobserver.com,news.cnet.com,2
pheedcontent.com,amazon.com,2
identi.ca,news.yahoo.com,2
es.lostpedia.wikia.com,youtube.com,2
articlesbase.com,nytimes.com,2
pheedcontent.com,microsoft.com,2
prolifeblogs.com,telegraph.co.uk,2
sandiego.craigslist.org,washingtonpost.com,2
guardian.co.uk,cnn.com,2
news.bbc.co.uk,news.google.com,2
pheedcontent.com,informationweek.com,2
forum.dvdtalk.com,online.wsj.com,2
plaza.rakuten.co.jp,2.bp.blogspot.com,2
plaza.rakuten.co.jp,4.bp.blogspot.com,2
golpedegato.blogspot.com,facebook.com,2
blog.wired.com,treehugger.com,2
desciclo.pedia.ws,www1.folha.uol.com.br,2
furry.wikia.com,telegraph.co.uk,2
kotaku.com,news.bbc.co.uk,2
us.rd.yahoo.com,rss.cnn.com,2
news.cnet.com,cnn.com,2
articlesbase.com,3.bp.blogspot.com,2
i.gizmodo.com,cnn.com,2
ameblo.jp,anchorage.2ch.net,2
us.rd.yahoo.com,news.cnet.com,2
golivewire.com,telegraph.co.uk,2
feeds.gothamistllc.com,tinyurl.com,2
seattle.craigslist.org,youtube.com,2
conservapedia.com,telegraph.co.uk,2
mahalo.com,squidoo.com,2
boston.craigslist.org,google.com,2
forums.macrumors.com,imdb.com,2
feeds.gawker.com,imdb.com,2
mahalo.com,indeed.com,2
soccerblogs.net,globoesporte.globo.com,2
rss.rssad.jp,nytimes.com,2
washingtonpost.com,twitter.com,2
ameblo.jp,news.nifty.com,2
feedproxy.google.com,es.wikipedia.org,2
boston.com,spiegel.de,2
chicago.craigslist.org,youtube.com,2
blogs.myspace.com,addthis.com,2
guardian.co.uk,sports.yahoo.com,2
identi.ca,slideshare.net,2
rss-nachrichten.de,spiegel.de,2
lostpedia.wikia.com,amazon.com,2
kinkaa.de,appl.welt.de,2
seekingalpha.com,blog.wired.com,2
desciclo.pedia.ws,globoesporte.globo.com,2
techdirt.com,bloomberg.com,2
golivewire.com,huffingtonpost.com,2
soccerblogs.net,farm4.static.flickr.com,2
www2.marketwire.com,tinyurl.com,2
bbc.co.uk,telegraph.co.uk,2
blog.livedoor.jp,en.wikipedia.org,2
treehugger.com,telegraph.co.uk,2
seekingalpha.com,news.cnet.com,2
marketwatch.com,washingtonpost.com,2
troktiko.blogspot.com,youtube.com,2
blog.wired.com,huffingtonpost.com,2
prolifeblogs.com,cnn.com,2
networkworld.com,google.com,2
ameblo.jp,komachi.yomiuri.co.jp,2
guardian.co.uk,oglobo.globo.com,2
guardian.co.uk,tinyurl.com,2
bild.de,youtube.com,2
pr-inside.com,flickr.com,2
topics.cnn.com,craigslist.org,2
pr-inside.com,adobe.com,2
lostpedia.wikia.com,myspace.com,2
rss.feedsportal.com,flickr.com,2
rss.rssad.jp,washingtonpost.com,2
pheedcontent.com,marketwatch.com,2
townhall.com,news.yahoo.com,2
physorg.com,tinyurl.com,2
newsdeskhelsinkifinland.net,nytimes.com,2
azstarnet.com,cbssports.com,2
g1.globo.com,dailymail.co.uk,2
huffingtonpost.com,lifesitenews.com,2
news.cnet.com,dailymail.co.uk,2
guardian.co.uk,news.cnet.com,2
treehugger.com,bloomberg.com,2
losangeles.craigslist.org,flickr.com,2
dailymail.co.uk,twitter.com,2
azstarnet.com,youtube.com,2
g1.globo.com,adobe.com,2
golivewire.com,edition.cnn.com,2
golivewire.com,bloomberg.com,2
gawker.com,news.yahoo.com,2
golivewire.com,boston.com,2
feeds.feedburner.com,myspace.com,2
pheedcontent.com,digg.com,2
gawker.com,gothamist.com,2
newsblaze.com,myspace.com,2
informationweek.com,guardian.co.uk,2
informationweek.com,news.bbc.co.uk,2
seekingalpha.com,search.bloomberg.com,2
tucsoncitizen.com,nytimes.com,2
newyork.craigslist.org,flickr.com,2
uncyclopedia.wikia.com,news.bbc.co.uk,2
golpedegato.blogspot.com,slideshare.net,2
golpedegato.blogspot.com,blog.wired.com,2
golpedegato.blogspot.com,en.wikipedia.org,2
golpedegato.blogspot.com,washingtonpost.com,2
golpedegato.blogspot.com,reuters.com,2
golpedegato.blogspot.com,i.gizmodo.com,2
ameblo.jp,adobe.com,2
blog.wired.com,afterdawn.com,2
laist.com,youtube.com,2
pr-inside.com,marketwatch.com,2
productreviewssite.com,squidoo.com,2
prnewswire.com,twitter.com,2
feedproxy.google.com,farm4.static.flickr.com,2
ameblo.jp,edita.jp,2
forums.macrumors.com,telegraph.co.uk,2
forums.macrumors.com,bloomberg.com,2
rss.rssad.jp,telegraph.co.uk,2
yousaytoo.com,amazon.com,2
prolifeblogs.com,news.yahoo.com,2
prolifeblogs.com,online.wsj.com,2
bloomberg.com,imdb.com,2
washingtonpost.com,guardian.co.uk,2
news.ameba.jp,d.hatena.ne.jp,2
us.rd.yahoo.com,creativecommons.org,2
bloomberg.com,search.twitter.com,2
guardian.co.uk,maps.google.com,2
furry.wikia.com,tinyurl.com,2
feedproxy.google.com,blick.ch,2
news.ameba.jp,myspace.com,2
i.gizmodo.com,marketwatch.com,2
gothamist.com,sports.espn.go.com,2
gothamist.com,amazon.com,2
forums.macrumors.com,news.cnet.com,2
seroundtable.com,groups.google.com,2
news.ameba.jp,youtube.com,2
gothamist.com,myspace.com,2
spiegel.de,reuters.com,2
pheedo.jp,guardian.co.uk,2
prolifeblogs.com,google.com,2
online.wsj.com,google.com,2
mahalo.com,i.gizmodo.com,2
news.ameba.jp,washingtonpost.com,2
sfbay.craigslist.org,myspace.com,2
newsblaze.com,microsoft.com,2
informationweek.com,huffingtonpost.com,2
forums.macrumors.com,seekingalpha.com,2
conservapedia.com,bbc.co.uk,2
guardian.co.uk,amazon.com,2
prolifeblogs.com,tinyurl.com,2
laist.com,en.wikipedia.org,2
treehugger.com,google.com,2
golivewire.com,bbc.co.uk,2
pr-inside.com,reuters.com,2
news.cnet.com,marketwatch.com,2
feeds.gothamistllc.com,washingtondc.craigslist.org,2
info.abril.uol.com.br,nytimes.com,2
prolifeblogs.com,news.bbc.co.uk,2
articlesbase.com,twitter.com,2
news.cnet.com,blog.wired.com,2
news.cnet.com,myspace.com,2
blog.wired.com,news.yahoo.com,2
urbanplanet.org,twitter.com,2
blog.livedoor.jp,myspace.com,2
prolifeblogs.com,blogger.com,2
washingtondc.craigslist.org,flickr.com,2
golivewire.com,digg.com,2
boxxet.com,mashget.com,2
boston.com,google.com,2
sfbay.craigslist.org,en.wikipedia.org,2
spiegel.de,news.bbc.co.uk,2
productreviewssite.com,youtube.com,2
feeds.feedburner.com,nytimes.com,2
forums.macrumors.com,reuters.com,2
forums.hardwarezone.com,en.wikipedia.org,2
forum.dvdtalk.com,telegraph.co.uk,2
feeds.gawker.com,sports.espn.go.com,2
rss.feedsportal.com,i.gizmodo.com,2
edita.jp,match.seesaa.jp,2
golivewire.com,amazon.com,2
kotaku.com,blog.wired.com,2
digitalspy.co.uk,news.cnet.com,2
golivewire.com,uncyclopedia.wikia.com,2
feeds.digg.com,youtube.com,2
golivewire.com,nytimes.com,2
golivewire.com,reuters.com,2
uncyclopedia.wikia.com,networkworld.com,2
ameblo.jp,imdb.com,2
forum.dvdtalk.com,guardian.co.uk,2
pheedo.jp,online.wsj.com,2
pheedo.jp,washingtonpost.com,2
articlesbase.com,facebook.com,2
rss.feedsportal.com,bloomberg.com,2
feedproxy.google.com,guardian.co.uk,2
kotaku.com,physorg.com,2
scouty.de,nytimes.com,2
feeds.gawker.com,adobe.com,2
yousaytoo.com,blogger.com,2
soccerblogs.net,splinder.com,2
rss.rssad.jp,online.wsj.com,2
pheedo.jp,amazon.com,2
mahalo.com,groups.google.com,2
furry.wikia.com,plaza.rakuten.co.jp,2
news.bbc.co.uk,adobe.com,2
presseportal.de,en.wikipedia.org,2
presseportal.de,twitter.com,2
us.rd.yahoo.com,i.gizmodo.com,2
allafrica.com,topix.net,2
blog.wired.com,boston.com,2
bbc.co.uk,microsoft.com,2
bbc.co.uk,google.com,2
feeds.digg.com,imdb.com,2
guardian.co.uk,boston.com,2
prnewswire.com,microsoft.com,2
spiegel.de,youtube.com,2
wikiality.com,uncyclopedia.org,2
wikiality.com,flickr.com,2
wikiality.com,gawker.com,2
townhall.com,youtube.com,2
golpedegato.blogspot.com,blogs.myspace.com,2
newyork.craigslist.org,nytimes.com,1
squidoo.com,search.twitter.com,1
squidoo.com,creativecommons.org,1
identi.ca,techdirt.com,1
www2.lavoz.com.ar,oglobo.globo.com,1
quote.bloomberg.com,sports.espn.go.com,1
wikiality.com,facebook.com,1
golivewire.com,1.bp.blogspot.com,1
feeds.gawker.com,telegraph.co.uk,1
indeed.com,addthis.com,1
lostpedia.wikia.com,groups.google.com,1
furry.wikia.com,guardian.co.uk,1
itmedia.co.jp,blog.livedoor.jp,1
www2.marketwire.com,feeds.feedburner.com,1
quote.bloomberg.com,dailymail.co.uk,1
bloomberg.com,dailymail.co.uk,1
telegraph.co.uk,news.google.com,1
rss.feedsportal.com,cts.businesswire.com,1
seattle.craigslist.org,en.wikipedia.org,1
rss.feedsportal.com,digitalspy.co.uk,1
emediawire.com,farm4.static.flickr.com,1
emediawire.com,maps.google.com,1
emediawire.com,tinyurl.com,1
quote.bloomberg.com,maps.google.com,1
boston.com,online.wsj.com,1
itmedia.co.jp,amazon.co.jp,1
articlesbase.com,google.com,1
urbanplanet.org,washingtonpost.com,1
pheedcontent.com,imdb.com,1
emediawire.com,en.wikipedia.org,1
yousaytoo.com,dailymail.co.uk,1
prnewswire.com,en.wikipedia.org,1
info.abril.uol.com.br,google.com,1
rss.rssad.jp,boston.com,1
huffingtonpost.com,dailymail.co.uk,1
creativecommons.org,en.wikipedia.org,1
spiegel.de,guardian.co.uk,1
chicagoist.com,reuters.com,1
chicagoist.com,google.com,1
informationweek.com,news.google.com,1
troktiko.blogspot.com,edition.cnn.com,1
i.gizmodo.com,earthtimes.org,1
washingtonpost.com,digg.com,1
todaystrucking.com,huffingtonpost.com,1
news.cnet.com,facebook.com,1
identi.ca,amazon.com,1
www1.folha.uol.com.br,microsoft.com,1
topics.cnn.com,amazon.com,1
oglobo.globo.com,microsoft.com,1
sports.espn.go.com,facebook.com,1
bloomberg.com,amazon.com,1
pheedcontent.com,flickr.com,1
d.hatena.ne.jp,en.wikipedia.org,1
www2.lavoz.com.ar,myspace.com,1
techdirt.com,edition.cnn.com,1
telegraph.co.uk,search.twitter.com,1
telegraph.co.uk,facebook.com,1
telegraph.co.uk,flickr.com,1
conservapedia.com,reuters.com,1
identi.ca,es.wikipedia.org,1
macobserver.com,amazon.com,1
news.cnet.com,news.bbc.co.uk,1
blog.livedoor.jp,adobe.com,1
youtube.com,google.com,1
sports.espn.go.com,bbc.co.uk,1
sports.yahoo.com,youtube.com,1
seattle.craigslist.org,twitter.com,1
feeds.gothamistllc.com,farm4.static.flickr.com,1
google.com,nytimes.com,1
google.com,youtube.com,1
i.gizmodo.com,slickdeals.net,1
physorg.com,microsoft.com,1
mahalo.com,techdirt.com,1
bloomberg.com,facebook.com,1
blog.wired.com,dailymail.co.uk,1
blog.wired.com,physorg.com,1
seekingalpha.com,tinyurl.com,1
news.cnet.com,topix.net,1
us.rd.yahoo.com,imdb.com,1
focus.de,guardian.co.uk,1
newslettermail.blogspot.com,boston.com,1
chicago.craigslist.org,google.com,1
us.rd.yahoo.com,huffingtonpost.com,1
blog.wired.com,youtube.com,1
forums.slickdeals.net,2.bp.blogspot.com,1
identi.ca,creativecommons.org,1
feedproxy.google.com,news.yahoo.com,1
techdirt.com,networkworld.com,1
kinkaa.de,newsticker.welt.de,1
marketwire.com,news.google.com,1
kinkaa.com,youtube.com,1
scouty.de,3.bp.blogspot.com,1
mahalo.com,physorg.com,1
squidoo.com,reuters.com,1
squidoo.com,bloomberg.com,1
squidoo.com,boston.com,1
news.ameba.jp,en.wikipedia.org,1
identi.ca,facebook.com,1
nothingandall.blogspot.com,2.bp.blogspot.com,1
scouty.de,2.bp.blogspot.com,1
rss.rssad.jp,groups.google.com,1
ameblo.jp,kanshin.com,1
feedproxy.google.com,news.originalsignal.com,1
earthtimes.org,myspace.com,1
megite.com,treehugger.com,1
pheedcontent.com,reddit.com,1
pheedcontent.com,guardian.co.uk,1
furry.wikia.com,google.com,1
telegraph.co.uk,washingtonpost.com,1
telegraph.co.uk,guardian.co.uk,1
rss.rssad.jp,digg.com,1
boxxet.com,digitalspy.co.uk,1
slideshare.net,en.wikipedia.org,1
boston.com,news.bbc.co.uk,1
mahalo.com,chicagoist.com,1
earthtimes.org,search.twitter.com,1
newyork.craigslist.org,youtube.com,1
gothamist.com,newyork.craigslist.org,1
rss-nachrichten.de,microsoft.com,1
bloomberg.com,asahi.com,1
mahalo.com,articlesbase.com,1
rss-nachrichten.de,focus.de,1
bbc.co.uk,reuters.com,1
kinkaa.de,photocase.de,1
rss-nachrichten.de,stumbleupon.com,1
rss-nachrichten.de,digg.com,1
rss-nachrichten.de,technorati.com,1
rss-nachrichten.de,reddit.com,1
rss-nachrichten.de,en.wikipedia.org,1
ameblo.jp,2.bp.blogspot.com,1
ameblo.jp,4.bp.blogspot.com,1
ameblo.jp,1.bp.blogspot.com,1
presseportal.de,prnewswire.com,1
bbc.co.uk,guardian.co.uk,1
boxxet.com,feeds.feedburner.com,1
physorg.com,twitter.com,1
ameblo.jp,telegraph.co.uk,1
globoesporte.globo.com,g1.globo.com,1
treehugger.com,bbc.co.uk,1
washingtonpost.com,reuters.com,1
boston.craigslist.org,myspace.com,1
www2.marketwire.com,facebook.com,1
www2.lavoz.com.ar,cnn.com,1
marketwatch.com,myspace.com,1
mahalo.com,tucsoncitizen.com,1
marketwire.com,facebook.com,1
ameblo.jp,guardian.co.uk,1
newsblaze.com,nytimes.com,1
guardian.co.uk,bloomberg.com,1
identi.ca,blog.livedoor.jp,1
rss.cnn.com,craigslist.org,1
pheedo.jp,news.bbc.co.uk,1
bbc.co.uk,tinyurl.com,1
info.abril.uol.com.br,imdb.com,1
news.yahoo.com,news.google.com,1
d.hatena.ne.jp,groups.google.com,1
physorg.com,guardian.co.uk,1
d.hatena.ne.jp,tinyurl.com,1
rss.feedsportal.com,reddit.com,1
seekingalpha.com,news.google.com,1
rss-nachrichten.de,feeds.feedburner.com,1
huffingtonpost.com,sports.espn.go.com,1
pheedcontent.com,news.bbc.co.uk,1
pr-inside.com,asahi.com,1
news.cnet.com,reuters.com,1
identi.ca,welt.de,1
azstarnet.com,sports.espn.go.com,1
feeds.gawker.com,microsoft.com,1
feeds.gawker.com,google.com,1
huffingtonpost.com,search.twitter.com,1
groups.google.com,news.bbc.co.uk,1
tsushima.2ch.net,anchorage.2ch.net,1
golivewire.com,conservapedia.com,1
blog.wired.com,washingtonpost.com,1
kotaku.com,ad.doubleclick.net,1
tsushima.2ch.net,takeshima.2ch.net,1
sandiego.craigslist.org,boston.com,1
www2.lavoz.com.ar,telegraph.co.uk,1
lostpedia.wikia.com,washingtonpost.com,1
sandiego.craigslist.org,flickr.com,1
golivewire.com,newsblaze.com,1
feeds.feedburner.com,en.wikipedia.org,1
feeds.feedburner.com,youtube.com,1
soccerblogs.net,news.yahoo.com,1
feeds.gothamistllc.com,treehugger.com,1
squidoo.com,addthis.com,1
lostpedia.wikia.com,es.lostpedia.wikia.com,1
marketwatch.com,microsoft.com,1
feedproxy.google.com,online.wsj.com,1
es.lostpedia.wikia.com,imdb.com,1
es.lostpedia.wikia.com,google.com,1
physorg.com,search.twitter.com,1
newyork.craigslist.org,myspace.com,1
informationweek.com,groups.google.com,1
cnn.com,youtube.com,1
forums.afterdawn.com,en.wikipedia.org,1
seekingalpha.com,informationweek.com,1
seekingalpha.com,blogger.com,1
edition.cnn.com,microsoft.com,1
edition.cnn.com,craigslist.org,1
huffingtonpost.com,edition.cnn.com,1
golpedegato.blogspot.com,ameblo.jp,1
golpedegato.blogspot.com,1.bp.blogspot.com,1
golpedegato.blogspot.com,microsoft.com,1
golpedegato.blogspot.com,inciclopedia.wikia.com,1
golpedegato.blogspot.com,2.bp.blogspot.com,1
feeds.gothamistllc.com,newyork.craigslist.org,1
pheedo.jp,reuters.com,1
earthtimes.org,marketwatch.com,1
forums.afterdawn.com,rapidshare.com,1
chicago.craigslist.org,imdb.com,1
us.rd.yahoo.com,gawker.com,1
productreviewssite.com,articlesbase.com,1
bloomberg.com,nytimes.com,1
forums.afterdawn.com,telegraph.co.uk,1
forums.afterdawn.com,google.com,1
groups.google.com,google.com,1
gawker.com,maps.google.com,1
pheedcontent.com,1.bp.blogspot.com,1
feeds.gothamistllc.com,bbc.co.uk,1
itmedia.co.jp,asahi.com,1
digitalspy.co.uk,3.bp.blogspot.com,1
digitalspy.co.uk,4.bp.blogspot.com,1
urbanplanet.org,tinyurl.com,1
boston.craigslist.org,maps.google.com,1
blog.wired.com,bloomberg.com,1
us.rd.yahoo.com,cbssports.com,1
us.rd.yahoo.com,kotaku.com,1
rss.rssad.jp,reuters.com,1
forums.slickdeals.net,1.bp.blogspot.com,1
marvel.wikia.com,en.wikipedia.org,1
kinkaa.com,kinkaa.de,1
pheedo.jp,microsoft.com,1
soccerblogs.net,bbc.co.uk,1
scouty.de,4.bp.blogspot.com,1
feedproxy.google.com,squidoo.com,1
feedproxy.google.com,g1.globo.com,1
allafrica.com,tinyurl.com,1
chicago.craigslist.org,en.wikipedia.org,1
feeds.gawker.com,farm4.static.flickr.com,1
mahalo.com,earthtimes.org,1
feeds2.feedburner.com,en.wikipedia.org,1
feeds2.feedburner.com,groups.google.com,1
feeds2.feedburner.com,i.gizmodo.com,1
troktiko.blogspot.com,flickr.com,1
pheedo.jp,blog.livedoor.jp,1
soccerblogs.net,adobe.com,1
news.bbc.co.uk,news.originalsignal.com,1
tecnologia.uol.com.br,www1.folha.uol.com.br,1
tecnologia.uol.com.br,info.abril.uol.com.br,1
blog.livedoor.jp,rapidshare.com,1
uncyclopedia.wikia.com,bbc.co.uk,1
rss.feedsportal.com,bbc.co.uk,1
dfwcatholic.org,topix.net,1
stern.de,twitter.com,1
chicagoist.com,imdb.com,1
laist.com,sports.espn.go.com,1
techdirt.com,earthtimes.org,1
techdirt.com,seekingalpha.com,1
techdirt.com,kotaku.com,1
techdirt.com,amazon.com,1
newslettermail.blogspot.com,huffingtonpost.com,1
blog.wired.com,sports.espn.go.com,1
spiegel.de,news.yahoo.com,1
pheedcontent.com,blog.wired.com,1
pheedo.jp,digg.com,1
forums.slickdeals.net,facebook.com,1
quote.bloomberg.com,imdb.com,1
torrentportal.com,profiles.friendster.com,1
mahalo.com,adobe.com,1
pr-inside.com,bloomberg.com,1
guardian.co.uk,spiegel.de,1
networkworld.com,boston.com,1
marketwatch.com,tinyurl.com,1
blick.ch,myspace.com,1
networkworld.com,reuters.com,1
techdirt.com,prnewswire.com,1
kinkaa.com,allafrica.com,1
info.abril.uol.com.br,myspace.com,1
newsblaze.com,cbssports.com,1
rss.rssad.jp,amazon.com,1
newsblaze.com,feeds.feedburner.com,1
feeds.gothamistllc.com,marketwatch.com,1
cnn.com,nytimes.com,1
cnn.com,telegraph.co.uk,1
d.hatena.ne.jp,maps.google.com,1
golivewire.com,washingtonpost.com,1
heraldnet.com,google.com,1
edita.jp,userdisk.webry.biglobe.ne.jp,1
d.hatena.ne.jp,news.cnet.com,1
mahalo.com,marketwire.com,1
mahalo.com,townhall.com,1
sfbay.craigslist.org,youtube.com,1
rss.feedsportal.com,networkworld.com,1
earthtimes.org,bloomberg.com,1
marketwatch.com,bloomberg.com,1
techdirt.com,telegraph.co.uk,1
mahalo.com,emediawire.com,1
i.gizmodo.com,boston.com,1
golpedegato.blogspot.com,news.yahoo.com,1
blog.livedoor.jp,news.bbc.co.uk,1
tinyurl.com,youtube.com,1
tinyurl.com,en.wikipedia.org,1
tinyurl.com,feeds.feedburner.com,1
feeds.gothamistllc.com,blogs.myspace.com,1
forums.afterdawn.com,squidoo.com,1
forums.macrumors.com,online.wsj.com,1
golpedegato.blogspot.com,treehugger.com,1
mahalo.com,heraldnet.com,1
soccerblogs.net,bloomberg.com,1
online.wsj.com,blog.wired.com,1
us.rd.yahoo.com,seroundtable.com,1
soccerblogs.net,search.twitter.com,1
laist.com,nytimes.com,1
treehugger.com,creativecommons.org,1
feeds2.feedburner.com,search.twitter.com,1
pheedcontent.com,cnn.com,1
macobserver.com,cnn.com,1
yousaytoo.com,telegraph.co.uk,1
newsblaze.com,google.com,1
feeds.gothamistllc.com,ad.doubleclick.net,1
huffingtonpost.com,facebook.com,1
blog.wired.com,technorati.com,1
gawker.com,marketwatch.com,1
guardian.co.uk,facebook.com,1
golivewire.com,online.wsj.com,1
news.ameba.jp,reuters.com,1
feeds2.feedburner.com,twitter.com,1
feeds2.feedburner.com,youtube.com,1
plaza.rakuten.co.jp,3.bp.blogspot.com,1
plaza.rakuten.co.jp,1.bp.blogspot.com,1
networkworld.com,blogger.com,1
huffingtonpost.com,flickr.com,1
youtube.com,bbc.co.uk,1
es.lostpedia.wikia.com,en.wikipedia.org,1
uncyclopedia.wikia.com,adobe.com,1
identi.ca,microsoft.com,1
forums.afterdawn.com,amazon.com,1
articlesbase.com,blogger.com,1
soccerblogs.net,tinyurl.com,1
conservapedia.com,technorati.com,1
chicago.craigslist.org,flickr.com,1
afterdawn.com,forums.afterdawn.com,1
spiegel.de,del.icio.us,1
spiegel.de,digg.com,1
tucsoncitizen.com,myspace.com,1
identi.ca,dailymail.co.uk,1
us.rd.yahoo.com,tinyurl.com,1
rss.rssad.jp,treehugger.com,1
lostpedia.wikia.com,digitalspy.co.uk,1
quote.bloomberg.com,online.wsj.com,1
bloomberg.com,online.wsj.com,1
scouty.de,news.bbc.co.uk,1
squidoo.com,boxxet.com,1
squidoo.com,marketwire.com,1
slideshare.net,groups.google.com,1
blog.livedoor.jp,takeshima.2ch.net,1
tinyurl.com,3.bp.blogspot.com,1
treehugger.com,facebook.com,1
physorg.com,google.com,1
boston.craigslist.org,imdb.com,1
feeds.feedburner.com,bloomberg.com,1
feeds.feedburner.com,news.bbc.co.uk,1
feeds.feedburner.com,gawker.com,1
mahalo.com,search.twitter.com,1
flickr.com,farm4.static.flickr.com,1
forums.slickdeals.net,4.bp.blogspot.com,1
soccerblogs.net,maps.google.com,1
scouty.de,search.twitter.com,1
scouty.de,focus.de,1
mahalo.com,uncyclopedia.org,1
newsblaze.com,technorati.com,1
newsblaze.com,marketwire.com,1
kinkaa.com,squidoo.com,1
nothingandall.blogspot.com,news.bbc.co.uk,1
reddit.com,huffingtonpost.com,1
feeds.gawker.com,blog.wired.com,1
pheedcontent.com,gawker.com,1
pheedcontent.com,facebook.com,1
wikieducator.org,facebook.com,1
feeds.gothamistllc.com,huffingtonpost.com,1
rss.rssad.jp,facebook.com,1
golivewire.com,allafrica.com,1
ameblo.jp,twitter.com,1
identi.ca,search.twitter.com,1
feedproxy.google.com,huffingtonpost.com,1
furry.wikia.com,maps.google.com,1
plaza.rakuten.co.jp,d.hatena.ne.jp,1
newsdeskhelsinkifinland.net,search.bloomberg.com,1
gothamist.com,cnn.com,1
mahalo.com,3.bp.blogspot.com,1
rss.rssad.jp,hb.afl.rakuten.co.jp,1
news.bbc.co.uk,myspace.com,1
rss.cnn.com,amazon.com,1
feeds.gawker.com,physorg.com,1
spiegel.de,nytimes.com,1
rss.feedsportal.com,focus.de,1
identi.ca,imdb.com,1
identi.ca,adobe.com,1
laist.com,amazon.com,1
gothamist.com,maps.google.com,1
flickr.com,en.wikipedia.org,1
huffingtonpost.com,craigslist.org,1
mahalo.com,azstarnet.com,1
chicagoist.com,laist.com,1
blog.livedoor.jp,maps.google.com,1
inciclopedia.wikia.com,blogger.com,1
youtube.com,myspace.com,1
inciclopedia.wikia.com,uncyclopedia.wikia.com,1
edition.cnn.com,amazon.com,1
ameblo.jp,microsoft.com,1
topics.edition.cnn.com,amazon.com,1
identi.ca,nytimes.com,1
kinkaa.com,en.wikipedia.org,1
golivewire.com,3.bp.blogspot.com,1
inciclopedia.wikia.com,imdb.com,1
kinkaa.com,reuters.com,1
digitalspy.co.uk,reuters.com,1
miami.craigslist.org,en.wikipedia.org,1
forum.dvdtalk.com,news.cnet.com,1
pheedo.jp,bloomberg.com,1
news.ameba.jp,blog.livedoor.jp,1
pheedo.jp,2.bp.blogspot.com,1
megite.com,news.yahoo.com,1
networkworld.com,amazon.com,1
emediawire.com,washingtonpost.com,1
d.hatena.ne.jp,java.com,1
reuters.com,google.com,1
treehugger.com,amazon.com,1
pr-inside.com,guardian.co.uk,1
scouty.de,kotaku.com,1
scouty.de,adobe.com,1
washingtonpost.com,flickr.com,1
feedproxy.google.com,networkworld.com,1
blog.livedoor.jp,tinyurl.com,1
rp-online.de,youtube.com,1
www1.folha.uol.com.br,bbc.co.uk,1
soccerblogs.net,heraldnet.com,1
marketwatch.com,twitter.com,1
identi.ca,stern.de,1
seroundtable.com,twitter.com,1
myspace.com,msplinks.com,1
digg.com,imdb.com,1
bbc.co.uk,nytimes.com,1
slideshare.net,tinyurl.com,1
slideshare.net,youtube.com,1
guardian.co.uk,myspace.com,1
rss.rssad.jp,tinyurl.com,1
i.gizmodo.com,dailymail.co.uk,1
spiegel.de,bbc.co.uk,1
rss.feedsportal.com,amazon.com,1
scouty.de,bbc.co.uk,1
d.hatena.ne.jp,adobe.com,1
gawker.com,myspace.com,1
feeds.gothamistllc.com,kotaku.com,1
mahalo.com,news.yahoo.com,1
macobserver.com,youtube.com,1
presseportal.de,youtube.com,1
gothamist.com,marketwatch.com,1
info.abril.uol.com.br,flickr.com,1
feedproxy.google.com,microsoft.com,1
techdirt.com,marketwire.com,1
mahalo.com,4.bp.blogspot.com,1
losangeles.craigslist.org,en.wikipedia.org,1
boston.com,adobe.com,1
rss.feedsportal.com,kotaku.com,1
pr-inside.com,search.twitter.com,1
telegraph.co.uk,amazon.com,1
marketwire.com,search.twitter.com,1
feeds.gothamistllc.com,news.yahoo.com,1
quote.bloomberg.com,washingtonpost.com,1
boston.com,dailymail.co.uk,1
bloomberg.com,washingtonpost.com,1
gawker.com,news.bbc.co.uk,1
mahalo.com,boston.craigslist.org,1
mahalo.com,lifenews.com,1
telegraph.co.uk,bbc.co.uk,1
cbssports.com,news.google.com,1
topics.edition.cnn.com,news.cnet.com,1
us.rd.yahoo.com,www2.marketwire.com,1
treehugger.com,online.wsj.com,1
wikiality.com,spiegel.de,1
www2.marketwire.com,search.twitter.com,1
bbc.co.uk,facebook.com,1
gothamist.com,laist.com,1
quote.bloomberg.com,google.com,1
seattle.craigslist.org,miami.craigslist.org,1
prolifeblogs.com,search.twitter.com,1
prolifeblogs.com,amazon.com,1
kotaku.com,search.twitter.com,1
earthtimes.org,maps.google.com,1
newsblaze.com,maps.google.com,1
blog.wired.com,kotaku.com,1
laist.com,twitter.com,1
feeds.gawker.com,search.twitter.com,1
huffingtonpost.com,tinyurl.com,1
feeds.gothamistllc.com,feeds2.feedburner.com,1
feeds.gothamistllc.com,digitalspy.co.uk,1
chicagoist.com,feeds2.feedburner.com,1
scouty.de,huffingtonpost.com,1
golpedegato.blogspot.com,lifesitenews.com,1
golpedegato.blogspot.com,www1.folha.uol.com.br,1
golpedegato.blogspot.com,digg.com,1
golpedegato.blogspot.com,spiegel.de,1
